Symbol,Contract,Date,Open,High,Low,Close,Volume,
MTX,201601,2016/1/4,8261,8294,8036,8070,254814,
MTX,201602,2016/1/4,8246,8282,8026,8056,8584,
MTX,201601,2016/1/5,8095,8130,8011,8025,222354,
MTX,201602,2016/1/5,8079,8113,7998,8010,7820,
MTX,201601,2016/1/6,8038,8048,7901,7969,262676,
MTX,201602,2016/1/6,8021,8032,7886,7958,10050,
MTX,201601,2016/1/7,7953,7971,7731,7802,325338,
MTX,201602,2016/1/7,7933,7954,7717,7783,13704,
MTX,201602,2016/1/8,7720,7865,7714,7848,9286,
MTX,201601,2016/1/8,7755,7884,7734,7868,259114,
MTX,201601,2016/1/11,7738,7793,7672,7741,242660,
MTX,201602,2016/1/11,7713,7769,7652,7718,12482,
MTX,201601,2016/1/12,7792,7807,7680,7705,231326,
MTX,201602,2016/1/12,7755,7778,7650,7676,11758,
MTX,201601,2016/1/13,7780,7849,7736,7809,242038,
MTX,201602,2016/1/13,7747,7820,7710,7781,13746,
MTX,201601,2016/1/14,7648,7724,7607,7716,222648,
MTX,201602,2016/1/14,7629,7700,7579,7694,17154,
MTX,201601,2016/1/15,7807,7810,7635,7665,227264,
MTX,201602,2016/1/15,7786,7787,7613,7636,20122,
MTX,201602,2016/1/18,7470,7799,7470,7789,53916,
MTX,201601,2016/1/18,7503,7828,7503,7812,297224,
MTX,201601,2016/1/19,7800,7869,7750,7869,200490,
MTX,201602,2016/1/19,7780,7838,7723,7838,46432,
MTX,201601,2016/1/20,7797,7804,7673,7703,139266,
MTX,201602,2016/1/20,7766,7771,7591,7592,173840,
MTX,201602,2016/1/21,7655,7707,7600,7616,298058,
MTX,201603,2016/1/21,7598,7675,7572,7589,8140,
MTX,201602,2016/1/22,7726,7753,7641,7748,263804,
MTX,201603,2016/1/22,7686,7724,7613,7721,6886,
MTX,201603,2016/1/25,7742,7852,7737,7808,6274,
MTX,201602,2016/1/25,7776,7881,7766,7835,201784,
MTX,201603,2016/1/26,7756,7778,7716,7750,6190,
MTX,201602,2016/1/26,7781,7809,7745,7779,203894,
MTX,201602,2016/1/27,7850,7860,7779,7837,192022,
MTX,201603,2016/1/27,7819,7829,7751,7807,6658,
MTX,201602,2016/1/28,7801,7903,7793,7859,216910,
MTX,201603,2016/1/28,7771,7874,7765,7832,7994,
MTX,201602,2016/1/29,7848,8074,7820,8053,308488,
MTX,201603,2016/1/29,7823,8051,7795,8034,13814,
MTX,201602,2016/1/30,8100,8168,8090,8163,105656,
MTX,201603,2016/1/30,8082,8149,8070,8146,7186,
MTX,201602,2016/2/1,8140,8150,8066,8126,206664,
MTX,201603,2016/2/1,8130,8130,8048,8103,12104,
MTX,201603,2016/2/2,8070,8123,8037,8082,10154,
MTX,201602,2016/2/2,8082,8148,8062,8106,182334,
MTX,201602,2016/2/3,8022,8085,7993,8034,200908,
MTX,201603,2016/2/3,8010,8061,7971,8012,15042,
MTX,201602,2016/2/15,7925,8068,7906,8046,155480,
MTX,201603,2016/2/15,7912,8040,7885,8019,26284,
MTX,201602,2016/2/16,8076,8232,8076,8207,165332,
MTX,201603,2016/2/16,8053,8222,8052,8209,47012,
MTX,201602,2016/2/17,8230,8252,8192,8212,80944,
MTX,201603,2016/2/17,8220,8239,8169,8189,95362,
MTX,201604,2016/2/18,8274,8316,8220,8272,3446,
MTX,201603,2016/2/18,8290,8332,8233,8285,183278,
MTX,201603,2016/2/19,8275,8318,8253,8306,142864,
MTX,201604,2016/2/19,8261,8300,8239,8292,3308,
MTX,201603,2016/2/22,8293,8404,8262,8299,196472,
MTX,201604,2016/2/22,8280,8388,8250,8286,4768,
MTX,201603,2016/2/23,8325,8330,8271,8319,160744,
MTX,201604,2016/2/23,8312,8317,8257,8304,4528,
MTX,201603,2016/2/24,8303,8382,8217,8246,215484,
MTX,201604,2016/2/24,8285,8365,8200,8228,6888,
MTX,201604,2016/2/25,8264,8354,8254,8320,7156,
MTX,201603,2016/2/25,8285,8375,8272,8339,220406,
MTX,201604,2016/2/26,8363,8396,8293,8371,6170,
MTX,201603,2016/2/26,8389,8416,8312,8391,202436,
MTX,201603,2016/3/1,8363,8484,8360,8450,184552,
MTX,201604,2016/3/1,8343,8465,8343,8432,7436,
MTX,201603,2016/3/2,8548,8575,8500,8520,161668,
MTX,201604,2016/3/2,8528,8559,8485,8505,6220,
MTX,201603,2016/3/3,8527,8605,8516,8565,187440,
MTX,201604,2016/3/3,8508,8585,8500,8548,8378,
MTX,201603,2016/3/4,8578,8618,8548,8605,174746,
MTX,201604,2016/3/4,8556,8597,8531,8583,6970,
MTX,201604,2016/3/7,8588,8661,8550,8579,8694,
MTX,201603,2016/3/7,8605,8684,8572,8605,173042,
MTX,201603,2016/3/8,8618,8620,8526,8615,182322,
MTX,201604,2016/3/8,8590,8594,8500,8590,9294,
MTX,201603,2016/3/9,8609,8632,8556,8621,160664,
MTX,201604,2016/3/9,8580,8604,8530,8598,9600,
MTX,201603,2016/3/10,8630,8675,8601,8641,164324,
MTX,201604,2016/3/10,8605,8651,8581,8617,10580,
MTX,201603,2016/3/11,8620,8709,8608,8709,170168,
MTX,201604,2016/3/11,8599,8680,8584,8680,15810,
MTX,201603,2016/3/14,8733,8778,8725,8741,124048,
MTX,201604,2016/3/14,8715,8761,8701,8730,18802,
MTX,201604,2016/3/15,8721,8739,8560,8571,53086,
MTX,201603,2016/3/15,8737,8750,8578,8601,174642,
MTX,201604,2016/3/16,8607,8662,8603,8658,79232,
MTX,201603,2016/3/16,8640,8705,8634,8691,73176,
MTX,201604,2016/3/17,8745,8819,8681,8697,230844,
MTX,201605,2016/3/17,8720,8795,8659,8673,4704,
MTX,201604,2016/3/18,8727,8778,8703,8767,171882,
MTX,201605,2016/3/18,8703,8753,8682,8741,3848,
MTX,201604,2016/3/21,8800,8809,8690,8747,175092,
MTX,201605,2016/3/21,8771,8785,8668,8725,4468,
MTX,201604,2016/3/22,8770,8775,8660,8753,207018,
MTX,201605,2016/3/22,8743,8751,8637,8726,6040,
MTX,201604,2016/3/23,8765,8786,8699,8712,195840,
MTX,201605,2016/3/23,8727,8763,8677,8689,4958,
MTX,201605,2016/3/24,8666,8725,8606,8692,7306,
MTX,201604,2016/3/24,8688,8750,8628,8713,222396,
MTX,201604,2016/3/25,8729,8759,8671,8703,165450,
MTX,201605,2016/3/25,8700,8736,8651,8681,5236,
MTX,201604,2016/3/28,8713,8732,8653,8686,160538,
MTX,201605,2016/3/28,8686,8712,8636,8666,5236,
MTX,201604,2016/3/29,8681,8697,8564,8601,224478,
MTX,201605,2016/3/29,8666,8678,8546,8580,8098,
MTX,201604,2016/3/30,8640,8747,8625,8740,199206,
MTX,201605,2016/3/30,8618,8727,8607,8723,7750,
MTX,201605,2016/3/31,8760,8795,8675,8700,10010,
MTX,201604,2016/3/31,8785,8814,8691,8715,236836,
MTX,201605,2016/4/1,8660,8675,8583,8609,8244,
MTX,201604,2016/4/1,8672,8693,8600,8628,215098,
MTX,201604,2016/4/6,8588,8598,8453,8461,197434,
MTX,201605,2016/4/6,8570,8580,8432,8438,8498,
MTX,201604,2016/4/7,8470,8492,8381,8436,213998,
MTX,201605,2016/4/7,8450,8469,8357,8414,9986,
MTX,201604,2016/4/8,8388,8500,8375,8486,198482,
MTX,201605,2016/4/8,8365,8472,8352,8461,8538,
MTX,201604,2016/4/11,8464,8530,8415,8515,192788,
MTX,201605,2016/4/11,8442,8502,8391,8490,9518,
MTX,201604,2016/4/12,8540,8583,8467,8495,208866,
MTX,201605,2016/4/12,8510,8554,8442,8469,12058,
MTX,201605,2016/4/13,8516,8618,8502,8613,14280,
MTX,201604,2016/4/13,8546,8644,8528,8636,184174,
MTX,201604,2016/4/14,8713,8724,8646,8660,165502,
MTX,201605,2016/4/14,8690,8703,8625,8637,13838,
MTX,201604,2016/4/15,8620,8720,8591,8718,179058,
MTX,201605,2016/4/15,8600,8699,8570,8698,18624,
MTX,201604,2016/4/18,8658,8684,8631,8645,124946,
MTX,201605,2016/4/18,8644,8664,8614,8618,20930,
MTX,201604,2016/4/19,8700,8748,8600,8635,172304,
MTX,201605,2016/4/19,8667,8726,8565,8596,57692,
MTX,201605,2016/4/20,8613,8650,8439,8442,146524,
MTX,201604,2016/4/20,8659,8683,8497,8520,115348,
MTX,201605,2016/4/21,8510,8535,8455,8530,181102,
MTX,201606,2016/4/21,8479,8510,8430,8505,6744,
MTX,201605,2016/4/22,8512,8560,8461,8498,225610,
MTX,201606,2016/4/22,8493,8534,8440,8478,7684,
MTX,201605,2016/4/25,8518,8539,8478,8529,148372,
MTX,201606,2016/4/25,8497,8515,8455,8504,4220,
MTX,201605,2016/4/26,8534,8619,8523,8573,192226,
MTX,201606,2016/4/26,8506,8595,8500,8550,6674,
MTX,201606,2016/4/27,8540,8567,8486,8539,5968,
MTX,201605,2016/4/27,8563,8590,8506,8559,167520,
MTX,201605,2016/4/28,8586,8599,8408,8417,262624,
MTX,201606,2016/4/28,8565,8577,8387,8390,11540,
MTX,201605,2016/4/29,8369,8400,8304,8310,184122,
MTX,201606,2016/4/29,8342,8376,8280,8286,9160,
MTX,201605,2016/5/3,8314,8330,8219,8260,168258,
MTX,201606,2016/5/3,8295,8305,8196,8238,8228,
MTX,201605,2016/5/4,8238,8257,8105,8176,227334,
MTX,201606,2016/5/4,8212,8232,8081,8154,12492,
MTX,201605,2016/5/5,8161,8182,8095,8145,193584,
MTX,201606,2016/5/5,8133,8158,8073,8123,10328,
MTX,201606,2016/5/6,8099,8115,8039,8078,9420,
MTX,201605,2016/5/6,8120,8140,8061,8102,183814,
MTX,201605,2016/5/9,8140,8160,8067,8114,179088,
MTX,201606,2016/5/9,8113,8134,8043,8090,9268,
MTX,201605,2016/5/10,8117,8179,8057,8155,200592,
MTX,201606,2016/5/10,8093,8155,8034,8130,12088,
MTX,201605,2016/5/11,8179,8192,8081,8125,200088,
MTX,201606,2016/5/11,8158,8167,8058,8098,13322,
MTX,201605,2016/5/12,8095,8155,8066,8082,182798,
MTX,201606,2016/5/12,8067,8128,8039,8051,14530,
MTX,201606,2016/5/13,8042,8046,7925,7988,27518,
MTX,201605,2016/5/13,8066,8075,7954,8016,227046,
MTX,201606,2016/5/16,7992,8049,7959,8035,27056,
MTX,201605,2016/5/16,8026,8085,7988,8063,161626,
MTX,201605,2016/5/17,8077,8152,8021,8150,185528,
MTX,201606,2016/5/17,8054,8118,7994,8118,51262,
MTX,201605,2016/5/18,8098,8153,8056,8149,100720,
MTX,201606,2016/5/18,8060,8115,8020,8111,104480,
MTX,201606,2016/5/19,8112,8130,8006,8031,213254,
MTX,201607,2016/5/19,7931,7936,7816,7835,3548,
MTX,201606,2016/5/20,8026,8124,8022,8106,230710,
MTX,201607,2016/5/20,7816,7921,7816,7910,5238,
MTX,201606,2016/5/23,8120,8355,8052,8347,280266,
MTX,201607,2016/5/23,7922,8158,7859,8151,6968,
MTX,201607,2016/5/24,8138,8152,8087,8095,3798,
MTX,201606,2016/5/24,8333,8346,8277,8283,145012,
MTX,201606,2016/5/25,8340,8412,8333,8384,185036,
MTX,201607,2016/5/25,8149,8220,8144,8196,6114,
MTX,201606,2016/5/26,8402,8408,8352,8382,130568,
MTX,201607,2016/5/26,8215,8221,8168,8194,3924,
MTX,201606,2016/5/27,8414,8467,8390,8463,153576,
MTX,201607,2016/5/27,8221,8279,8203,8272,5794,
MTX,201606,2016/5/30,8480,8533,8432,8510,169362,
MTX,201607,2016/5/30,8293,8338,8241,8315,5502,
MTX,201607,2016/5/31,8303,8351,8268,8323,6694,
MTX,201606,2016/5/31,8498,8544,8455,8512,178742,
MTX,201606,2016/6/1,8493,8590,8485,8564,172960,
MTX,201607,2016/6/1,8300,8400,8296,8376,5898,
MTX,201606,2016/6/2,8565,8610,8519,8548,191794,
MTX,201607,2016/6/2,8376,8419,8330,8360,6772,
MTX,201606,2016/6/3,8563,8585,8537,8566,130212,
MTX,201607,2016/6/3,8370,8395,8350,8381,4332,
MTX,201606,2016/6/4,8567,8589,8561,8576,40506,
MTX,201607,2016/6/4,8377,8400,8374,8389,1748,
MTX,201606,2016/6/6,8576,8655,8508,8573,188940,
MTX,201607,2016/6/6,8383,8463,8313,8376,9124,
MTX,201607,2016/6/7,8409,8486,8409,8473,9856,
MTX,201606,2016/6/7,8610,8684,8606,8667,169450,
MTX,201606,2016/6/8,8676,8742,8670,8717,164208,
MTX,201607,2016/6/8,8480,8547,8478,8523,12402,
MTX,201606,2016/6/13,8638,8639,8502,8523,177570,
MTX,201607,2016/6/13,8448,8448,8308,8328,30018,
MTX,201606,2016/6/14,8495,8578,8483,8576,131088,
MTX,201607,2016/6/14,8294,8383,8291,8379,32382,
MTX,201606,2016/6/15,8560,8608,8508,8603,106208,
MTX,201607,2016/6/15,8360,8427,8323,8414,113100,
MTX,201608,2016/6/16,8288,8288,8132,8163,3526,
MTX,201607,2016/6/16,8409,8410,8248,8281,235984,
MTX,201608,2016/6/17,8229,8312,8229,8278,3406,
MTX,201607,2016/6/17,8345,8431,8343,8396,190874,
MTX,201607,2016/6/20,8503,8520,8428,8469,170890,
MTX,201608,2016/6/20,8382,8402,8313,8354,3644,
MTX,201607,2016/6/21,8453,8524,8435,8512,158436,
MTX,201608,2016/6/21,8342,8405,8320,8392,3540,
MTX,201607,2016/6/22,8510,8530,8460,8508,161426,
MTX,201608,2016/6/22,8392,8409,8342,8388,4342,
MTX,201607,2016/6/23,8510,8526,8466,8511,127338,
MTX,201608,2016/6/23,8391,8406,8350,8394,2550,
MTX,201608,2016/6/24,8385,8432,8027,8113,13334,
MTX,201607,2016/6/24,8501,8552,8140,8235,516340,
MTX,201608,2016/6/27,8120,8216,8119,8205,5156,
MTX,201607,2016/6/27,8245,8338,8239,8327,184620,
MTX,201607,2016/6/28,8277,8387,8260,8380,186528,
MTX,201608,2016/6/28,8157,8265,8139,8258,5988,
MTX,201607,2016/6/29,8392,8493,8391,8438,191268,
MTX,201608,2016/6/29,8272,8370,8272,8314,6368,
MTX,201607,2016/6/30,8495,8541,8440,8519,226504,
MTX,201608,2016/6/30,8371,8416,8318,8398,7002,
MTX,201607,2016/7/1,8570,8637,8552,8626,186550,
MTX,201608,2016/7/1,8450,8510,8426,8502,5936,
MTX,201607,2016/7/4,8639,8680,8598,8633,158706,
MTX,201608,2016/7/4,8510,8551,8472,8508,4956,
MTX,201608,2016/7/5,8470,8510,8445,8487,4310,
MTX,201607,2016/7/5,8595,8634,8568,8609,149338,
MTX,201607,2016/7/6,8555,8558,8443,8468,216704,
MTX,201608,2016/7/6,8436,8437,8320,8341,7882,
MTX,201607,2016/7/7,8502,8570,8502,8563,141826,
MTX,201608,2016/7/7,8376,8441,8376,8433,5962,
MTX,201607,2016/7/11,8678,8748,8671,8735,154030,
MTX,201608,2016/7/11,8545,8615,8540,8604,7954,
MTX,201607,2016/7/12,8750,8795,8736,8776,133336,
MTX,201608,2016/7/12,8620,8662,8605,8638,7182,
MTX,201608,2016/7/13,8691,8698,8588,8648,11862,
MTX,201607,2016/7/13,8829,8837,8726,8792,192978,
MTX,201608,2016/7/14,8656,8694,8626,8673,9702,
MTX,201607,2016/7/14,8801,8841,8769,8813,147740,
MTX,201607,2016/7/15,8848,8924,8823,8915,161800,
MTX,201608,2016/7/15,8704,8786,8689,8776,13234,
MTX,201607,2016/7/18,8916,9002,8912,8999,118568,
MTX,201608,2016/7/18,8783,8873,8776,8871,20248,
MTX,201607,2016/7/19,9012,9036,8962,9036,136354,
MTX,201608,2016/7/19,8882,8923,8844,8921,34978,
MTX,201607,2016/7/20,9010,9042,8972,9004,101852,
MTX,201608,2016/7/20,8896,8935,8860,8882,94848,
MTX,201608,2016/7/21,8920,9009,8915,8985,159358,
MTX,201609,2016/7/21,8864,8955,8859,8932,5220,
MTX,201609,2016/7/22,8911,8929,8872,8874,4278,
MTX,201608,2016/7/22,8964,8984,8925,8925,164184,
MTX,201608,2016/7/25,8964,9027,8804,8893,245990,
MTX,201609,2016/7/25,8915,8973,8748,8835,8518,
MTX,201608,2016/7/26,8868,8970,8862,8967,180466,
MTX,201609,2016/7/26,8808,8915,8808,8912,4574,
MTX,201608,2016/7/27,9015,9049,8952,8979,208630,
MTX,201609,2016/7/27,8958,8993,8898,8922,6082,
MTX,201608,2016/7/28,8979,9026,8927,8979,188990,
MTX,201609,2016/7/28,8923,8965,8870,8916,4952,
MTX,201609,2016/7/29,8938,8952,8830,8833,6828,
MTX,201608,2016/7/29,9004,9014,8890,8893,229200,
MTX,201608,2016/8/1,8936,9043,8936,9043,172256,
MTX,201609,2016/8/1,8875,8979,8875,8978,5622,
MTX,201608,2016/8/2,9015,9036,8992,9012,125580,
MTX,201609,2016/8/2,8953,8972,8930,8946,3734,
MTX,201608,2016/8/3,8921,8972,8861,8936,186666,
MTX,201609,2016/8/3,8856,8897,8795,8862,7220,
MTX,201608,2016/8/4,8988,8995,8892,8972,194574,
MTX,201609,2016/8/4,8912,8922,8821,8897,5806,
MTX,201608,2016/8/5,8992,9074,8973,9065,181290,
MTX,201609,2016/8/5,8920,8998,8901,8991,7782,
MTX,201609,2016/8/8,9063,9073,8995,9046,7432,
MTX,201608,2016/8/8,9135,9147,9063,9117,161584,
MTX,201608,2016/8/9,9120,9145,9096,9117,137470,
MTX,201609,2016/8/9,9049,9072,9027,9050,5832,
MTX,201608,2016/8/10,9135,9167,9090,9149,165896,
MTX,201609,2016/8/10,9063,9106,9025,9089,9500,
MTX,201608,2016/8/11,9124,9158,9000,9089,225988,
MTX,201609,2016/8/11,9070,9099,8941,9031,16548,
MTX,201608,2016/8/12,9130,9149,9102,9132,147700,
MTX,201609,2016/8/12,9068,9090,9046,9072,11766,
MTX,201609,2016/8/15,9082,9102,9031,9082,19480,
MTX,201608,2016/8/15,9143,9160,9087,9123,138520,
MTX,201609,2016/8/16,9109,9111,8997,9022,51922,
MTX,201608,2016/8/16,9155,9155,9053,9088,173920,
MTX,201608,2016/8/17,9075,9123,9067,9121,84780,
MTX,201609,2016/8/17,9008,9036,8991,9011,78136,
MTX,201609,2016/8/18,9012,9059,8981,9042,156610,
MTX,201610,2016/8/18,8995,9038,8964,9022,2260,
MTX,201609,2016/8/19,9052,9108,8942,8947,265318,
MTX,201610,2016/8/19,9029,9085,8925,8928,5516,
MTX,201609,2016/8/22,8938,8948,8852,8895,206214,
MTX,201610,2016/8/22,8921,8930,8838,8875,5614,
MTX,201609,2016/8/23,8920,8987,8912,8983,151102,
MTX,201610,2016/8/23,8901,8968,8895,8966,3996,
MTX,201610,2016/8/24,8986,9000,8930,8935,3190,
MTX,201609,2016/8/24,9005,9022,8948,8954,142062,
MTX,201609,2016/8/25,8939,9073,8938,9071,183244,
MTX,201610,2016/8/25,8921,9050,8920,9050,5504,
MTX,201609,2016/8/26,9059,9090,9036,9082,128492,
MTX,201610,2016/8/26,9040,9066,9015,9060,3182,
MTX,201609,2016/8/29,9050,9075,8948,9044,218048,
MTX,201610,2016/8/29,9025,9052,8930,9019,6776,
MTX,201609,2016/8/30,9074,9085,9021,9035,160914,
MTX,201610,2016/8/30,9051,9060,9000,9014,4516,
MTX,201610,2016/8/31,8997,9036,8938,8956,6916,
MTX,201609,2016/8/31,9020,9059,8959,8977,199010,
MTX,201609,2016/9/1,8976,8981,8883,8944,233302,
MTX,201610,2016/9/1,8951,8956,8861,8917,8778,
MTX,201609,2016/9/2,8945,8973,8904,8933,177594,
MTX,201610,2016/9/2,8920,8944,8879,8903,6176,
MTX,201609,2016/9/5,8991,9066,8991,9064,152042,
MTX,201610,2016/9/5,8963,9038,8963,9037,7024,
MTX,201609,2016/9/6,9073,9160,9056,9149,150168,
MTX,201610,2016/9/6,9046,9136,9035,9127,7078,
MTX,201610,2016/9/7,9135,9239,9129,9233,7730,
MTX,201609,2016/9/7,9158,9262,9151,9255,146572,
MTX,201609,2016/9/8,9253,9253,9215,9240,109714,
MTX,201610,2016/9/8,9232,9232,9197,9220,4800,
MTX,201609,2016/9/9,9188,9189,9114,9126,182630,
MTX,201610,2016/9/9,9168,9168,9097,9106,9142,
MTX,201609,2016/9/10,8935,9001,8922,8955,118434,
MTX,201610,2016/9/10,8915,8976,8903,8926,10984,
MTX,201609,2016/9/12,8984,8993,8898,8900,183064,
MTX,201610,2016/9/12,8960,8964,8865,8865,14844,
MTX,201609,2016/9/13,8971,8978,8817,8907,235696,
MTX,201610,2016/9/13,8936,8942,8790,8878,20246,
MTX,201610,2016/9/14,8840,8912,8828,8850,18194,
MTX,201609,2016/9/14,8870,8942,8854,8876,168930,
MTX,201609,2016/9/19,8940,9157,8935,9151,166998,
MTX,201610,2016/9/19,8899,9133,8899,9125,40376,
MTX,201609,2016/9/20,9150,9165,9113,9142,109002,
MTX,201610,2016/9/20,9125,9140,9088,9109,32486,
MTX,201609,2016/9/21,9122,9223,9115,9222,84940,
MTX,201610,2016/9/21,9089,9171,9076,9165,78682,
MTX,201610,2016/9/22,9218,9262,9154,9186,191550,
MTX,201611,2016/9/22,9188,9234,9128,9162,3578,
MTX,201611,2016/9/23,9206,9220,9165,9212,3384,
MTX,201610,2016/9/23,9234,9248,9189,9235,146396,
MTX,201611,2016/9/26,9200,9200,9121,9125,3494,
MTX,201610,2016/9/26,9226,9227,9148,9152,147198,
MTX,201610,2016/9/29,9222,9295,9206,9252,175546,
MTX,201611,2016/9/29,9197,9265,9180,9225,5616,
MTX,201610,2016/9/30,9187,9206,9128,9130,190472,
MTX,201611,2016/9/30,9159,9175,9101,9101,6208,
MTX,201610,2016/10/3,9200,9230,9162,9193,150586,
MTX,201611,2016/10/3,9174,9200,9135,9165,5672,
MTX,201610,2016/10/4,9202,9259,9187,9252,135178,
MTX,201611,2016/10/4,9173,9228,9159,9222,5658,
MTX,201610,2016/10/5,9211,9266,9200,9240,117078,
MTX,201611,2016/10/5,9182,9235,9171,9211,4772,
MTX,201610,2016/10/6,9280,9283,9207,9255,151154,
MTX,201611,2016/10/6,9251,9252,9180,9223,5418,
MTX,201611,2016/10/7,9218,9237,9205,9223,3866,
MTX,201610,2016/10/7,9248,9269,9236,9252,96380,
MTX,201610,2016/10/11,9294,9342,9143,9188,246386,
MTX,201611,2016/10/11,9263,9309,9117,9157,15140,
MTX,201610,2016/10/12,9177,9274,9164,9261,151426,
MTX,201611,2016/10/12,9146,9245,9138,9234,12634,
MTX,201610,2016/10/13,9266,9278,9180,9201,189692,
MTX,201611,2016/10/13,9237,9250,9156,9176,16120,
MTX,201610,2016/10/14,9200,9224,9148,9169,182190,
MTX,201611,2016/10/14,9176,9199,9125,9147,19160,
MTX,201611,2016/10/17,9161,9170,9041,9145,42208,
MTX,201610,2016/10/17,9183,9193,9060,9169,225798,
MTX,201610,2016/10/18,9180,9218,9154,9212,150344,
MTX,201611,2016/10/18,9153,9203,9129,9198,42476,
MTX,201610,2016/10/19,9222,9300,9220,9280,94984,
MTX,201611,2016/10/19,9209,9268,9206,9249,83628,
MTX,201611,2016/10/20,9268,9295,9235,9278,155652,
MTX,201612,2016/10/20,9243,9265,9208,9250,3766,
MTX,201611,2016/10/21,9260,9321,9241,9266,177958,
MTX,201612,2016/10/21,9235,9291,9214,9237,6090,
MTX,201611,2016/10/24,9292,9325,9269,9309,146914,
MTX,201612,2016/10/24,9266,9297,9244,9284,4888,
MTX,201612,2016/10/25,9306,9368,9285,9352,8564,
MTX,201611,2016/10/25,9328,9393,9308,9377,159604,
MTX,201611,2016/10/26,9347,9363,9323,9336,125076,
MTX,201612,2016/10/26,9328,9339,9302,9311,5188,
MTX,201611,2016/10/27,9323,9347,9260,9288,190428,
MTX,201612,2016/10/27,9301,9322,9239,9269,8586,
MTX,201611,2016/10/28,9282,9313,9261,9279,144866,
MTX,201612,2016/10/28,9263,9290,9243,9262,6856,
MTX,201611,2016/10/31,9265,9299,9175,9286,212746,
MTX,201612,2016/10/31,9244,9279,9158,9266,10590,
MTX,201612,2016/11/1,9243,9272,9208,9259,7638,
MTX,201611,2016/11/1,9260,9291,9226,9279,144086,
MTX,201612,2016/11/2,9200,9208,9127,9143,12480,
MTX,201611,2016/11/2,9202,9225,9144,9157,207310,
MTX,201611,2016/11/3,9132,9160,9078,9088,199478,
MTX,201612,2016/11/3,9119,9144,9061,9069,11444,
MTX,201611,2016/11/4,9060,9094,9047,9065,142832,
MTX,201612,2016/11/4,9041,9075,9031,9046,7588,
MTX,201611,2016/11/7,9130,9199,9115,9199,149390,
MTX,201612,2016/11/7,9114,9176,9098,9176,10214,
MTX,201611,2016/11/8,9217,9230,9162,9225,167884,
MTX,201612,2016/11/8,9195,9206,9142,9198,12318,
MTX,201612,2016/11/9,9200,9278,8868,8901,41530,
MTX,201611,2016/11/9,9227,9308,8891,8927,509140,
MTX,201612,2016/11/10,9099,9168,9099,9158,20368,
MTX,201611,2016/11/10,9138,9192,9134,9178,174138,
MTX,201611,2016/11/11,9074,9074,8950,8967,230516,
MTX,201612,2016/11/11,9058,9058,8931,8947,30620,
MTX,201611,2016/11/14,8961,8988,8877,8944,218256,
MTX,201612,2016/11/14,8946,8970,8862,8937,36406,
MTX,201611,2016/11/15,8902,8975,8896,8937,165592,
MTX,201612,2016/11/15,8900,8957,8890,8919,40504,
MTX,201611,2016/11/16,8990,9034,8979,8983,107610,
MTX,201612,2016/11/16,8972,8997,8950,8956,87892,
MTX,201612,2016/11/17,8944,8965,8906,8962,193872,
MTX,201701,2016/11/17,8923,8943,8887,8939,4704,
MTX,201701,2016/11/18,8959,8982,8906,8966,5540,
MTX,201612,2016/11/18,8980,9005,8926,8987,197430,
MTX,201612,2016/11/21,8979,9026,8971,9018,130240,
MTX,201701,2016/11/21,8961,9003,8950,8994,3662,
MTX,201612,2016/11/22,9048,9164,9042,9141,176880,
MTX,201701,2016/11/22,9029,9140,9021,9119,6682,
MTX,201612,2016/11/23,9150,9191,9141,9175,130488,
MTX,201701,2016/11/23,9123,9168,9119,9154,4610,
MTX,201612,2016/11/24,9159,9165,9116,9142,150996,
MTX,201701,2016/11/24,9135,9141,9096,9118,5150,
MTX,201701,2016/11/25,9116,9168,9111,9138,5122,
MTX,201612,2016/11/25,9138,9192,9132,9162,139094,
MTX,201701,2016/11/28,9138,9225,9129,9202,6958,
MTX,201612,2016/11/28,9157,9248,9150,9225,161178,
MTX,201612,2016/11/29,9223,9239,9196,9202,150260,
MTX,201701,2016/11/29,9203,9217,9174,9182,5702,
MTX,201612,2016/11/30,9211,9245,9177,9228,171250,
MTX,201701,2016/11/30,9190,9222,9157,9204,6940,
MTX,201612,2016/12/1,9227,9279,9218,9260,160030,
MTX,201701,2016/12/1,9205,9258,9198,9241,7160,
MTX,201612,2016/12/2,9200,9203,9148,9163,167992,
MTX,201701,2016/12/2,9187,9187,9130,9144,8194,
MTX,201612,2016/12/5,9149,9183,9118,9156,150934,
MTX,201701,2016/12/5,9131,9161,9099,9135,6164,
MTX,201701,2016/12/6,9200,9262,9200,9242,9202,
MTX,201612,2016/12/6,9225,9285,9224,9263,136532,
MTX,201612,2016/12/7,9300,9305,9248,9263,129070,
MTX,201701,2016/12/7,9276,9282,9231,9244,6696,
MTX,201612,2016/12/8,9360,9370,9315,9369,147708,
MTX,201701,2016/12/8,9339,9350,9299,9347,9734,
MTX,201612,2016/12/9,9375,9399,9365,9390,105508,
MTX,201701,2016/12/9,9355,9378,9347,9371,5880,
MTX,201612,2016/12/12,9420,9440,9350,9355,172580,
MTX,201701,2016/12/12,9400,9422,9335,9338,11398,
MTX,201701,2016/12/13,9328,9365,9322,9362,6234,
MTX,201612,2016/12/13,9340,9381,9337,9379,96634,
MTX,201612,2016/12/14,9406,9413,9354,9368,118826,
MTX,201701,2016/12/14,9388,9396,9339,9353,10056,
MTX,201612,2016/12/15,9333,9375,9305,9369,168726,
MTX,201701,2016/12/15,9321,9358,9290,9355,18664,
MTX,201612,2016/12/16,9368,9370,9309,9311,119158,
MTX,201701,2016/12/16,9352,9354,9300,9303,13560,
MTX,201612,2016/12/19,9291,9317,9242,9245,135508,
MTX,201701,2016/12/19,9284,9308,9232,9235,26032,
MTX,201701,2016/12/20,9247,9257,9209,9253,34530,
MTX,201612,2016/12/20,9262,9266,9209,9262,124388,
MTX,201612,2016/12/21,9260,9270,9225,9231,75690,
MTX,201701,2016/12/21,9255,9261,9220,9226,68282,
MTX,201701,2016/12/22,9210,9222,9123,9130,170054,
MTX,201702,2016/12/22,9197,9210,9114,9119,3650,
MTX,201701,2016/12/23,9113,9147,9088,9093,157288,
MTX,201702,2016/12/23,9104,9133,9078,9080,5160,
MTX,201701,2016/12/26,9105,9132,9089,9125,104662,
MTX,201702,2016/12/26,9096,9118,9079,9112,3644,
MTX,201701,2016/12/27,9124,9130,9106,9113,72946,
MTX,201702,2016/12/27,9109,9116,9096,9101,1696,
MTX,201702,2016/12/28,9100,9198,9093,9198,5164,
MTX,201701,2016/12/28,9110,9213,9104,9213,135198,
MTX,201701,2016/12/29,9190,9211,9168,9182,128826,
MTX,201702,2016/12/29,9175,9196,9155,9169,4688,
MTX,201701,2016/12/30,9210,9281,9210,9263,157394,
MTX,201702,2016/12/30,9196,9266,9196,9249,6816,
MTX,201701,2017/1/3,9266,9281,9231,9280,120464,
MTX,201702,2017/1/3,9256,9267,9219,9267,4166,
MTX,201701,2017/1/4,9284,9295,9261,9272,111468,
MTX,201702,2017/1/4,9272,9282,9251,9259,4104,
MTX,201702,2017/1/5,9260,9340,9255,9330,7246,
MTX,201701,2017/1/5,9271,9354,9265,9342,158032,
MTX,201702,2017/1/6,9338,9363,9326,9352,4130,
MTX,201701,2017/1/6,9354,9375,9339,9367,87822,
MTX,201701,2017/1/9,9377,9409,9325,9343,151668,
MTX,201702,2017/1/9,9365,9397,9315,9332,8370,
MTX,201701,2017/1/10,9331,9351,9320,9341,105678,
MTX,201702,2017/1/10,9322,9341,9313,9333,5658,
MTX,201701,2017/1/11,9390,9396,9333,9336,117496,
MTX,201702,2017/1/11,9366,9387,9326,9330,7950,
MTX,201701,2017/1/12,9351,9433,9350,9411,150964,
MTX,201702,2017/1/12,9341,9423,9341,9404,14450,
MTX,201701,2017/1/13,9391,9397,9361,9376,104320,
MTX,201702,2017/1/13,9386,9388,9355,9369,11082,
MTX,201702,2017/1/16,9357,9357,9277,9285,23234,
MTX,201701,2017/1/16,9360,9361,9274,9286,125210,
MTX,201701,2017/1/17,9281,9344,9279,9340,90302,
MTX,201702,2017/1/17,9277,9336,9277,9336,28336,
MTX,201701,2017/1/18,9338,9349,9315,9340,65362,
MTX,201702,2017/1/18,9329,9333,9306,9319,52758,
MTX,201702,2017/1/19,9330,9342,9255,9304,151158,
MTX,201703,2017/1/19,9320,9329,9245,9292,4862,
MTX,201702,2017/1/20,9283,9338,9280,9332,100826,
MTX,201703,2017/1/20,9273,9327,9271,9322,3578,
MTX,201703,2017/1/23,9309,9410,9308,9396,6450,
MTX,201702,2017/1/23,9320,9423,9319,9408,131670,
MTX,201702,2017/1/24,9428,9464,9404,9447,102108,
MTX,201703,2017/1/24,9416,9453,9394,9436,5092,
MTX,201702,2017/2/2,9490,9509,9373,9375,165260,
MTX,201703,2017/2/2,9478,9497,9362,9363,10070,
MTX,201702,2017/2/3,9415,9458,9407,9437,130246,
MTX,201703,2017/2/3,9404,9445,9396,9428,8116,
MTX,201702,2017/2/6,9478,9533,9441,9505,151910,
MTX,201703,2017/2/6,9462,9521,9433,9496,12326,
MTX,201703,2017/2/7,9495,9515,9473,9514,6406,
MTX,201702,2017/2/7,9501,9525,9483,9521,95824,
MTX,201703,2017/2/8,9511,9525,9456,9505,11590,
MTX,201702,2017/2/8,9519,9535,9464,9517,142000,
MTX,201702,2017/2/9,9512,9579,9505,9576,138746,
MTX,201703,2017/2/9,9503,9563,9494,9562,14916,
MTX,201702,2017/2/10,9601,9681,9586,9658,164756,
MTX,201703,2017/2/10,9589,9670,9573,9648,22062,
MTX,201702,2017/2/13,9668,9706,9661,9704,101022,
MTX,201703,2017/2/13,9660,9692,9656,9691,19286,
MTX,201702,2017/2/14,9727,9758,9695,9712,149448,
MTX,201703,2017/2/14,9714,9747,9684,9702,44352,
MTX,201703,2017/2/15,9720,9804,9713,9801,82876,
MTX,201702,2017/2/15,9728,9802,9722,9799,86462,
MTX,201703,2017/2/16,9820,9852,9758,9770,195464,
MTX,201704,2017/2/16,9802,9832,9742,9754,5094,
MTX,201703,2017/2/17,9758,9786,9747,9764,106702,
MTX,201704,2017/2/17,9737,9771,9734,9747,2740,
MTX,201703,2017/2/18,9778,9789,9772,9788,37034,
MTX,201704,2017/2/18,9759,9774,9758,9770,1290,
MTX,201703,2017/2/20,9785,9814,9737,9765,141366,
MTX,201704,2017/2/20,9771,9799,9727,9753,4388,
MTX,201703,2017/2/21,9776,9784,9727,9767,140068,
MTX,201704,2017/2/21,9762,9771,9717,9755,5296,
MTX,201704,2017/2/22,9773,9813,9757,9771,6002,
MTX,201703,2017/2/22,9785,9827,9768,9781,157352,
MTX,201704,2017/2/23,9771,9806,9745,9762,6316,
MTX,201703,2017/2/23,9781,9820,9755,9772,160954,
MTX,201703,2017/2/24,9766,9786,9731,9760,139956,
MTX,201704,2017/2/24,9756,9773,9723,9750,4994,
MTX,201703,2017/3/1,9768,9769,9677,9683,173746,
MTX,201704,2017/3/1,9752,9755,9669,9673,7290,
MTX,201703,2017/3/2,9760,9783,9643,9691,218204,
MTX,201704,2017/3/2,9754,9770,9634,9679,11008,
MTX,201703,2017/3/3,9647,9673,9623,9630,169592,
MTX,201704,2017/3/3,9632,9661,9613,9619,8488,
MTX,201704,2017/3/6,9626,9669,9608,9669,6388,
MTX,201703,2017/3/6,9640,9684,9619,9683,137636,
MTX,201703,2017/3/7,9690,9733,9681,9729,126994,
MTX,201704,2017/3/7,9672,9719,9668,9715,8812,
MTX,201703,2017/3/8,9738,9765,9701,9748,146004,
MTX,201704,2017/3/8,9724,9750,9689,9734,10270,
MTX,201703,2017/3/9,9740,9741,9642,9650,178196,
MTX,201704,2017/3/9,9727,9727,9634,9640,15574,
MTX,201703,2017/3/10,9643,9652,9555,9626,204456,
MTX,201704,2017/3/10,9635,9643,9550,9614,26140,
MTX,201703,2017/3/13,9640,9698,9640,9693,146546,
MTX,201704,2017/3/13,9626,9685,9626,9683,24028,
MTX,201704,2017/3/14,9707,9757,9703,9743,34526,
MTX,201703,2017/3/14,9719,9767,9712,9748,129036,
MTX,201703,2017/3/15,9738,9752,9715,9733,90404,
MTX,201704,2017/3/15,9736,9743,9707,9728,63318,
MTX,201704,2017/3/16,9800,9852,9782,9841,161338,
MTX,201705,2017/3/16,9790,9836,9768,9830,4800,
MTX,201704,2017/3/17,9850,9896,9837,9889,127272,
MTX,201705,2017/3/17,9839,9884,9825,9878,4852,
MTX,201704,2017/3/20,9873,9908,9855,9895,118434,
MTX,201705,2017/3/20,9865,9895,9844,9885,4462,
MTX,201705,2017/3/21,9911,9967,9905,9953,6342,
MTX,201704,2017/3/21,9925,9980,9916,9964,136158,
MTX,201705,2017/3/22,9878,9893,9838,9882,8440,
MTX,201704,2017/3/22,9890,9907,9851,9896,171672,
MTX,201704,2017/3/23,9938,9952,9879,9909,176444,
MTX,201705,2017/3/23,9923,9937,9868,9898,7036,
MTX,201704,2017/3/24,9925,9928,9883,9900,136960,
MTX,201705,2017/3/24,9914,9915,9872,9886,4562,
MTX,201704,2017/3/27,9878,9917,9844,9867,165558,
MTX,201705,2017/3/27,9870,9902,9833,9853,6716,
MTX,201704,2017/3/28,9917,9927,9805,9884,225952,
MTX,201705,2017/3/28,9904,9913,9794,9872,11496,
MTX,201704,2017/3/29,9902,9905,9852,9860,146912,
MTX,201705,2017/3/29,9893,9893,9841,9848,6314,
MTX,201705,2017/3/30,9850,9875,9824,9838,6468,
MTX,201704,2017/3/30,9863,9888,9834,9850,135670,
MTX,201704,2017/3/31,9858,9872,9813,9822,127076,
MTX,201705,2017/3/31,9848,9860,9803,9810,5870,
MTX,201704,2017/4/5,9847,9968,9843,9962,173746,
MTX,201705,2017/4/5,9837,9955,9833,9953,11890,
MTX,201704,2017/4/6,9932,9941,9881,9897,151384,
MTX,201705,2017/4/6,9920,9930,9873,9887,8810,
MTX,201704,2017/4/7,9900,9904,9772,9861,266886,
MTX,201705,2017/4/7,9892,9895,9766,9850,16976,
MTX,201705,2017/4/10,9860,9883,9836,9867,8950,
MTX,201704,2017/4/10,9866,9892,9844,9876,129218,
MTX,201704,2017/4/11,9865,9895,9807,9817,193600,
MTX,201705,2017/4/11,9859,9887,9802,9811,15034,
MTX,201704,2017/4/12,9818,9830,9776,9812,155320,
MTX,201705,2017/4/12,9809,9821,9769,9805,11862,
MTX,201704,2017/4/13,9797,9869,9792,9847,184648,
MTX,201705,2017/4/13,9789,9858,9785,9840,18066,
MTX,201704,2017/4/14,9805,9809,9711,9716,209708,
MTX,201705,2017/4/14,9801,9801,9702,9706,28720,
MTX,201705,2017/4/17,9726,9745,9675,9714,30272,
MTX,201704,2017/4/17,9740,9754,9680,9722,161756,
MTX,201705,2017/4/18,9754,9764,9713,9725,33476,
MTX,201704,2017/4/18,9759,9772,9721,9737,125934,
MTX,201704,2017/4/19,9700,9707,9631,9639,124084,
MTX,201705,2017/4/19,9693,9695,9615,9624,97416,
MTX,201705,2017/4/20,9596,9640,9585,9617,160366,
MTX,201706,2017/4/20,9582,9625,9572,9602,6308,
MTX,201705,2017/4/21,9670,9706,9655,9697,147030,
MTX,201706,2017/4/21,9650,9692,9642,9685,5926,
MTX,201705,2017/4/24,9744,9766,9684,9705,170792,
MTX,201706,2017/4/24,9730,9751,9671,9691,7158,
MTX,201706,2017/4/25,9735,9812,9713,9799,8864,
MTX,201705,2017/4/25,9749,9827,9727,9814,181466,
MTX,201705,2017/4/26,9856,9870,9826,9842,162844,
MTX,201706,2017/4/26,9846,9855,9814,9828,7334,
MTX,201705,2017/4/27,9830,9850,9808,9838,129912,
MTX,201706,2017/4/27,9817,9836,9796,9826,5460,
MTX,201705,2017/4/28,9846,9884,9834,9858,146514,
MTX,201706,2017/4/28,9830,9869,9821,9843,6802,
MTX,201705,2017/5/2,9895,9950,9895,9931,128214,
MTX,201706,2017/5/2,9879,9934,9879,9918,7958,
MTX,201705,2017/5/3,9943,9966,9934,9939,96356,
MTX,201706,2017/5/3,9929,9951,9920,9924,5718,
MTX,201706,2017/5/4,9935,9948,9905,9944,6484,
MTX,201705,2017/5/4,9950,9964,9919,9959,116536,
MTX,201706,2017/5/5,9932,9935,9864,9873,9092,
MTX,201705,2017/5/5,9948,9950,9879,9886,144140,
MTX,201705,2017/5/8,9926,9959,9895,9920,137690,
MTX,201706,2017/5/8,9910,9942,9881,9906,9950,
MTX,201705,2017/5/9,9917,9994,9898,9906,219406,
MTX,201706,2017/5/9,9905,9977,9885,9892,20716,
MTX,201705,2017/5/10,9942,9959,9918,9949,127322,
MTX,201706,2017/5/10,9925,9944,9905,9932,11546,
MTX,201705,2017/5/11,9962,9997,9946,9989,158826,
MTX,201706,2017/5/11,9946,9980,9933,9975,17902,
MTX,201705,2017/5/12,9980,9996,9965,9981,109380,
MTX,201706,2017/5/12,9971,9981,9952,9969,10580,
MTX,201706,2017/5/15,9971,10028,9967,10023,21946,
MTX,201705,2017/5/15,9988,10039,9976,10036,103540,
MTX,201705,2017/5/16,10036,10055,10000,10021,117860,
MTX,201706,2017/5/16,10023,10042,9991,10008,36062,
MTX,201705,2017/5/17,10020,10024,9976,9999,92616,
MTX,201706,2017/5/17,10006,10010,9932,9940,81734,
MTX,201706,2017/5/18,9940,9964,9877,9943,198106,
MTX,201707,2017/5/18,9728,9764,9684,9750,5172,
MTX,201706,2017/5/19,9943,9973,9931,9950,118720,
MTX,201707,2017/5/19,9748,9777,9738,9755,3372,
MTX,201707,2017/5/22,9771,9787,9748,9785,4106,
MTX,201706,2017/5/22,9963,9983,9942,9981,114742,
MTX,201707,2017/5/23,9785,9819,9774,9812,4400,
MTX,201706,2017/5/23,9982,10016,9968,10006,133462,
MTX,201706,2017/5/24,10006,10033,9999,10028,100812,
MTX,201707,2017/5/24,9812,9838,9805,9835,3500,
MTX,201706,2017/5/25,10028,10136,10027,10127,133590,
MTX,201707,2017/5/25,9835,9940,9834,9932,6668,
MTX,201706,2017/5/26,10126,10134,10080,10088,140672,
MTX,201707,2017/5/26,9932,9939,9886,9899,5568,
MTX,201706,2017/5/31,10085,10105,10004,10015,142740,
MTX,201707,2017/5/31,9893,9912,9820,9831,5498,
MTX,201706,2017/6/1,10015,10079,10010,10078,117166,
MTX,201707,2017/6/1,9833,9894,9827,9894,5536,
MTX,201707,2017/6/2,9892,9961,9892,9960,7142,
MTX,201706,2017/6/2,10078,10146,10076,10146,125940,
MTX,201706,2017/6/3,10145,10159,10137,10158,37770,
MTX,201707,2017/6/3,9960,9975,9953,9971,2812,
MTX,201706,2017/6/5,10147,10210,10115,10206,141384,
MTX,201707,2017/6/5,9965,10024,9933,10019,7912,
MTX,201706,2017/6/6,10206,10208,10171,10185,83516,
MTX,201707,2017/6/6,10022,10022,9987,10005,5080,
MTX,201706,2017/6/7,10185,10230,10165,10192,147622,
MTX,201707,2017/6/7,10004,10044,9982,10010,8702,
MTX,201707,2017/6/8,10009,10040,10001,10038,6000,
MTX,201706,2017/6/8,10192,10220,10181,10220,95508,
MTX,201706,2017/6/9,10220,10252,10186,10203,131216,
MTX,201707,2017/6/9,10038,10071,10008,10025,8444,
MTX,201706,2017/6/12,10131,10160,10084,10100,137970,
MTX,201707,2017/6/12,9953,9980,9907,9924,11984,
MTX,201706,2017/6/13,10101,10143,10091,10140,106498,
MTX,201707,2017/6/13,9925,9965,9913,9963,9376,
MTX,201706,2017/6/14,10140,10166,10021,10072,198240,
MTX,201707,2017/6/14,9963,9987,9845,9893,20056,
MTX,201707,2017/6/15,9894,9895,9840,9871,16472,
MTX,201706,2017/6/15,10072,10075,10017,10052,149442,
MTX,201706,2017/6/16,10051,10159,10048,10143,157868,
MTX,201707,2017/6/16,9871,9978,9868,9967,22208,
MTX,201706,2017/6/19,10164,10272,10162,10272,122086,
MTX,201707,2017/6/19,9989,10098,9984,10098,26964,
MTX,201706,2017/6/20,10271,10352,10267,10313,133236,
MTX,201707,2017/6/20,10098,10184,10097,10149,46252,
MTX,201706,2017/6/21,10312,10371,10268,10369,95690,
MTX,201707,2017/6/21,10148,10204,10104,10197,106364,
MTX,201707,2017/6/22,10198,10233,10174,10227,162742,
MTX,201708,2017/6/22,10099,10129,10070,10124,4022,
MTX,201708,2017/6/23,10124,10142,10070,10094,4016,
MTX,201707,2017/6/23,10227,10245,10182,10196,131896,
MTX,201707,2017/6/26,10207,10423,10202,10394,237088,
MTX,201708,2017/6/26,10094,10326,10094,10294,8760,
MTX,201707,2017/6/27,10394,10412,10340,10347,152556,
MTX,201708,2017/6/27,10299,10316,10240,10248,5518,
MTX,201707,2017/6/28,10347,10350,10248,10303,217344,
MTX,201708,2017/6/28,10248,10248,10146,10195,8638,
MTX,201707,2017/6/29,10303,10356,10215,10222,189266,
MTX,201708,2017/6/29,10195,10249,10113,10122,7614,
MTX,201708,2017/6/30,10122,10178,10095,10156,8194,
MTX,201707,2017/6/30,10222,10279,10195,10256,188968,
MTX,201708,2017/7/3,10157,10215,10130,10205,5896,
MTX,201707,2017/7/3,10258,10318,10231,10307,154882,
MTX,201707,2017/7/4,10308,10308,10210,10220,191060,
MTX,201708,2017/7/4,10202,10202,10109,10119,7672,
MTX,201707,2017/7/5,10220,10318,10171,10306,225162,
MTX,201708,2017/7/5,10118,10211,10066,10199,9650,
MTX,201707,2017/7/6,10306,10331,10219,10233,199720,
MTX,201708,2017/7/6,10198,10222,10115,10129,8108,
MTX,201707,2017/7/7,10233,10245,10196,10209,181122,
MTX,201708,2017/7/7,10126,10139,10092,10107,7298,
MTX,201707,2017/7/10,10226,10242,10180,10223,163324,
MTX,201708,2017/7/10,10125,10136,10078,10119,7700,
MTX,201708,2017/7/11,10119,10249,10118,10232,12612,
MTX,201707,2017/7/11,10221,10355,10221,10337,184720,
MTX,201708,2017/7/12,10230,10276,10210,10259,9620,
MTX,201707,2017/7/12,10336,10384,10321,10373,150968,
MTX,201707,2017/7/13,10373,10442,10368,10407,195664,
MTX,201708,2017/7/13,10259,10325,10256,10296,16958,
MTX,201707,2017/7/14,10407,10423,10391,10417,104198,
MTX,201708,2017/7/14,10296,10309,10279,10304,9084,
MTX,201707,2017/7/17,10457,10480,10414,10424,143406,
MTX,201708,2017/7/17,10344,10366,10294,10311,24976,
MTX,201707,2017/7/18,10425,10468,10407,10457,107908,
MTX,201708,2017/7/18,10310,10350,10291,10337,29082,
MTX,201707,2017/7/19,10457,10542,10453,10500,100312,
MTX,201708,2017/7/19,10337,10422,10333,10409,93040,
MTX,201709,2017/7/20,10382,10397,10344,10352,4576,
MTX,201708,2017/7/20,10408,10425,10370,10381,142680,
MTX,201708,2017/7/21,10382,10388,10287,10294,145242,
MTX,201709,2017/7/21,10358,10359,10260,10267,5616,
MTX,201708,2017/7/24,10298,10370,10286,10361,139160,
MTX,201709,2017/7/24,10271,10340,10261,10333,4540,
MTX,201708,2017/7/25,10361,10388,10338,10383,130708,
MTX,201709,2017/7/25,10334,10357,10310,10352,4560,
MTX,201708,2017/7/26,10383,10422,10320,10344,184128,
MTX,201709,2017/7/26,10353,10389,10291,10315,8276,
MTX,201708,2017/7/27,10344,10466,10334,10465,178344,
MTX,201709,2017/7/27,10315,10433,10305,10431,8424,
MTX,201709,2017/7/28,10430,10432,10289,10303,9334,
MTX,201708,2017/7/28,10464,10465,10320,10334,187040,
MTX,201708,2017/7/31,10330,10373,10289,10356,157618,
MTX,201709,2017/7/31,10302,10341,10260,10322,6822,
MTX,201708,2017/8/1,10356,10424,10347,10380,177062,
MTX,201709,2017/8/1,10322,10389,10317,10346,8096,
MTX,201708,2017/8/2,10380,10471,10379,10440,163024,
MTX,201709,2017/8/2,10346,10434,10345,10404,9084,
MTX,201708,2017/8/3,10439,10454,9408,10401,192104,
MTX,201709,2017/8/3,10404,10420,9378,10365,9584,
MTX,201709,2017/8/4,10364,10419,10364,10411,5588,
MTX,201708,2017/8/4,10400,10456,10398,10445,119898,
MTX,201709,2017/8/7,10436,10506,10436,10503,8212,
MTX,201708,2017/8/7,10471,10544,10470,10540,122620,
MTX,201708,2017/8/8,10541,10568,10485,10541,167218,
MTX,201709,2017/8/8,10505,10528,10447,10501,10816,
MTX,201708,2017/8/9,10542,10544,10428,10440,192608,
MTX,201709,2017/8/9,10501,10503,10390,10398,16000,
MTX,201708,2017/8/10,10439,10485,10263,10271,260278,
MTX,201709,2017/8/10,10400,10444,10227,10236,29088,
MTX,201708,2017/8/11,10271,10327,10221,10304,206740,
MTX,201709,2017/8/11,10235,10286,10185,10265,28608,
MTX,201709,2017/8/14,10298,10315,10171,10226,40636,
MTX,201708,2017/8/14,10342,10356,10223,10278,190726,
MTX,201709,2017/8/15,10226,10278,10207,10212,54114,
MTX,201708,2017/8/15,10277,10330,10261,10271,165744,
MTX,201708,2017/8/16,10271,10319,10235,10253,120808,
MTX,201709,2017/8/16,10212,10258,10191,10255,107628,
MTX,201709,2017/8/17,10255,10324,10245,10284,203314,
MTX,201710,2017/8/17,10239,10306,10229,10267,5308,
MTX,201709,2017/8/18,10284,10286,10200,10266,230294,
MTX,201710,2017/8/18,10266,10271,10187,10248,7164,
MTX,201709,2017/8/21,10260,10279,10218,10272,157638,
MTX,201710,2017/8/21,10242,10258,10200,10250,5496,
MTX,201709,2017/8/22,10272,10406,10269,10402,154384,
MTX,201710,2017/8/22,10252,10380,10248,10379,6378,
MTX,201710,2017/8/23,10378,10395,10317,10338,6908,
MTX,201709,2017/8/23,10402,10419,10340,10361,185548,
MTX,201709,2017/8/24,10362,10494,10350,10468,186074,
MTX,201710,2017/8/24,10337,10470,10328,10443,8476,
MTX,201709,2017/8/25,10468,10511,10431,10492,158422,
MTX,201710,2017/8/25,10440,10485,10409,10468,5892,
MTX,201709,2017/8/28,10472,10515,10457,10506,146584,
MTX,201710,2017/8/28,10453,10489,10433,10484,5422,
MTX,201709,2017/8/29,10506,10508,10421,10471,190890,
MTX,201710,2017/8/29,10471,10484,10399,10450,8464,
MTX,201710,2017/8/30,10447,10527,10445,10519,9550,
MTX,201709,2017/8/30,10472,10552,10469,10541,178624,
MTX,201710,2017/8/31,10520,10559,10511,10537,7226,
MTX,201709,2017/8/31,10542,10582,10532,10559,162010,
MTX,201709,2017/9/1,10560,10598,10540,10593,139998,
MTX,201710,2017/9/1,10539,10574,10518,10570,6404,
MTX,201709,2017/9/4,10550,10579,10534,10564,124310,
MTX,201710,2017/9/4,10530,10559,10515,10547,5678,
MTX,201709,2017/9/5,10564,10590,10527,10555,145266,
MTX,201710,2017/9/5,10547,10573,10512,10538,6054,
MTX,201709,2017/9/6,10554,10571,10483,10532,211264,
MTX,201710,2017/9/6,10538,10553,10467,10512,12102,
MTX,201709,2017/9/7,10532,10568,10478,10501,192172,
MTX,201710,2017/9/7,10513,10548,10461,10484,11082,
MTX,201710,2017/9/8,10481,10549,10476,10539,11418,
MTX,201709,2017/9/8,10501,10571,10495,10560,184276,
MTX,201709,2017/9/11,10627,10635,10535,10589,195454,
MTX,201710,2017/9/11,10588,10611,10517,10570,14722,
MTX,201709,2017/9/12,10589,10614,10564,10589,145298,
MTX,201710,2017/9/12,10570,10590,10543,10566,11324,
MTX,201710,2017/9/13,10595,10602,10510,10521,83882,
MTX,201709,2017/9/13,10571,10579,10489,10499,7183,
MTX,201709,2017/9/14,10515,10545,10486,10530,69290,
MTX,201710,2017/9/14,10489,10517,10463,10503,6414,
MTX,201709,2017/9/15,10527,10570,10491,10568,79927,
MTX,201710,2017/9/15,10506,10545,10467,10544,9731,
MTX,201709,2017/9/18,10605,10652,10581,10650,138582,
MTX,201710,2017/9/18,10580,10630,10560,10629,29992,
MTX,201709,2017/9/19,10651,10657,10560,10568,151952,
MTX,201710,2017/9/19,10629,10635,10535,10544,46146,
MTX,201710,2017/9/20,10544,10555,10485,10501,114854,
MTX,201709,2017/9/20,10569,10585,10490,10509,126714,
MTX,201710,2017/9/21,10501,10583,10462,10566,196816,
MTX,201711,2017/9/21,10497,10565,10458,10551,4582,
MTX,201710,2017/9/22,10566,10571,10413,10419,241150,
MTX,201711,2017/9/22,10551,10555,10396,10400,7552,
MTX,201710,2017/9/25,10428,10453,10275,10285,233354,
MTX,201711,2017/9/25,10408,10435,10258,10266,9322,
MTX,201710,2017/9/26,10285,10369,10260,10286,235474,
MTX,201711,2017/9/26,10265,10350,10242,10264,9386,
MTX,201711,2017/9/27,10267,10326,10264,10305,6874,
MTX,201710,2017/9/27,10286,10344,10282,10322,174086,
MTX,201710,2017/9/28,10322,10350,10266,10289,220590,
MTX,201711,2017/9/28,10303,10331,10249,10270,8850,
MTX,201710,2017/9/29,10290,10343,10263,10343,177916,
MTX,201711,2017/9/29,10273,10323,10248,10323,8252,
MTX,201710,2017/9/30,10343,10394,10340,10382,71358,
MTX,201711,2017/9/30,10324,10375,10322,10362,3988,
MTX,201710,2017/10/2,10392,10457,10386,10445,139522,
MTX,201711,2017/10/2,10372,10439,10370,10430,7790,
MTX,201710,2017/10/3,10445,10476,10427,10460,134660,
MTX,201711,2017/10/3,10427,10459,10412,10443,7072,
MTX,201711,2017/10/5,10440,10515,10422,10513,7390,
MTX,201710,2017/10/5,10458,10532,10438,10532,126600,
MTX,201710,2017/10/6,10531,10544,10495,10513,131042,
MTX,201711,2017/10/6,10513,10527,10480,10496,7598,
MTX,201710,2017/10/11,10555,10647,10554,10635,176754,
MTX,201711,2017/10/11,10536,10628,10536,10618,18272,
MTX,201710,2017/10/12,10634,10705,10634,10701,129500,
MTX,201711,2017/10/12,10618,10688,10618,10685,14870,
MTX,201710,2017/10/13,10701,10733,10670,10729,99292,
MTX,201711,2017/10/13,10685,10718,10656,10714,13370,
MTX,201711,2017/10/16,10731,10755,10699,10750,22050,
MTX,201710,2017/10/16,10745,10769,10710,10763,118922,
MTX,201711,2017/10/17,10751,10767,10706,10713,32982,
MTX,201710,2017/10/17,10763,10781,10713,10722,118522,
MTX,201710,2017/10/18,10722,10784,10686,10729,110772,
MTX,201711,2017/10/18,10714,10775,10688,10742,104414,
MTX,201711,2017/10/19,10742,10799,10685,10717,206266,
MTX,201712,2017/10/19,10731,10785,10674,10705,8664,
MTX,201711,2017/10/20,10718,10763,10701,10745,165470,
MTX,201712,2017/10/20,10704,10752,10691,10737,6156,
MTX,201711,2017/10/23,10764,10786,10720,10731,157068,
MTX,201712,2017/10/23,10755,10775,10712,10721,6706,
MTX,201711,2017/10/24,10730,10769,10709,10768,132266,
MTX,201712,2017/10/24,10722,10758,10698,10758,5170,
MTX,201712,2017/10/25,10758,10772,10690,10693,6734,
MTX,201711,2017/10/25,10769,10782,10699,10704,161626,
MTX,201711,2017/10/26,10704,10750,10691,10746,146056,
MTX,201712,2017/10/26,10693,10740,10683,10733,5966,
MTX,201711,2017/10/27,10745,10792,10685,10739,201588,
MTX,201712,2017/10/27,10735,10781,10676,10727,11448,
MTX,201711,2017/10/30,10761,10820,10724,10749,207414,
MTX,201712,2017/10/30,10750,10808,10714,10738,11452,
MTX,201711,2017/10/31,10749,10799,10730,10794,155684,
MTX,201712,2017/10/31,10737,10783,10718,10780,7540,
MTX,201712,2017/11/1,10781,10818,10763,10788,8790,
MTX,201711,2017/11/1,10793,10832,10776,10800,161204,
MTX,201711,2017/11/2,10800,10806,10758,10777,158886,
MTX,201712,2017/11/2,10789,10794,10747,10762,7982,
MTX,201711,2017/11/3,10777,10810,10747,10784,157222,
MTX,201712,2017/11/3,10766,10797,10736,10770,8062,
MTX,201711,2017/11/6,10794,10828,10745,10779,173618,
MTX,201712,2017/11/6,10779,10815,10733,10764,10614,
MTX,201711,2017/11/7,10780,10831,10773,10814,141468,
MTX,201712,2017/11/7,10763,10817,10762,10799,10962,
MTX,201712,2017/11/8,10800,10809,10783,10788,7346,
MTX,201711,2017/11/8,10813,10824,10796,10801,100046,
MTX,201712,2017/11/9,10787,10808,10667,10682,22012,
MTX,201711,2017/11/9,10800,10823,10679,10695,216610,
MTX,201711,2017/11/10,10695,10737,10662,10714,165540,
MTX,201712,2017/11/10,10683,10729,10650,10706,20826,
MTX,201711,2017/11/13,10711,10726,10664,10680,131556,
MTX,201712,2017/11/13,10706,10717,10660,10674,26368,
MTX,201711,2017/11/14,10680,10714,10638,10662,152886,
MTX,201712,2017/11/14,10675,10711,10638,10647,52920,
MTX,201711,2017/11/15,10662,10666,10601,10638,112810,
MTX,201712,2017/11/15,10647,10650,10551,10572,107600,
MTX,201801,2017/11/16,10568,10634,10564,10631,3794,
MTX,201712,2017/11/16,10573,10648,10560,10646,148520,
MTX,201712,2017/11/17,10645,10728,10644,10719,172494,
MTX,201801,2017/11/17,10632,10714,10631,10704,5142,
MTX,201712,2017/11/20,10714,10720,10653,10685,147722,
MTX,201801,2017/11/20,10700,10705,10642,10672,4430,
MTX,201712,2017/11/21,10686,10831,10682,10830,185562,
MTX,201801,2017/11/21,10673,10818,10670,10818,7940,
MTX,201712,2017/11/22,10831,10877,10807,10835,197122,
MTX,201801,2017/11/22,10818,10863,10795,10823,8752,
MTX,201712,2017/11/23,10835,10857,10810,10845,130476,
MTX,201801,2017/11/23,10824,10844,10800,10832,5186,
MTX,201801,2017/11/24,10833,10857,10818,10855,3152,
MTX,201712,2017/11/24,10846,10870,10829,10868,88450,
MTX,201801,2017/11/27,10833,10836,10725,10740,8950,
MTX,201712,2017/11/27,10842,10848,10737,10754,182790,
MTX,201712,2017/11/28,10754,10755,10694,10721,172480,
MTX,201801,2017/11/28,10740,10741,10683,10708,8144,
MTX,201712,2017/11/29,10721,10763,10679,10681,166398,
MTX,201801,2017/11/29,10708,10750,10667,10669,7930,
MTX,201712,2017/11/30,10680,10681,10558,10595,243572,
MTX,201801,2017/11/30,10668,10668,10546,10585,13482,
MTX,201712,2017/12/1,10596,10664,10496,10581,311006,
MTX,201801,2017/12/1,10585,10649,10485,10568,16612,
MTX,201712,2017/12/4,10601,10653,10564,10616,199804,
MTX,201801,2017/12/4,10589,10638,10551,10601,9646,
MTX,201801,2017/12/5,10603,10622,10534,10565,11736,
MTX,201712,2017/12/5,10616,10636,10546,10579,219946,
MTX,201712,2017/12/6,10579,10593,10321,10354,306456,
MTX,201801,2017/12/6,10566,10580,10307,10337,18524,
MTX,201712,2017/12/7,10354,10427,10331,10371,244646,
MTX,201801,2017/12/7,10338,10410,10318,10356,12166,
MTX,201712,2017/12/8,10371,10415,10337,10408,220422,
MTX,201801,2017/12/8,10356,10400,10323,10394,13190,
MTX,201712,2017/12/11,10415,10497,10413,10477,170780,
MTX,201801,2017/12/11,10400,10482,10399,10466,12764,
MTX,201801,2017/12/12,10466,10486,10375,10412,13620,
MTX,201712,2017/12/12,10477,10496,10386,10424,184510,
MTX,201801,2017/12/13,10412,10478,10410,10478,13826,
MTX,201712,2017/12/13,10424,10493,10420,10492,161110,
MTX,201712,2017/12/14,10492,10583,10481,10534,189774,
MTX,201801,2017/12/14,10479,10567,10467,10521,22112,
MTX,201712,2017/12/15,10535,10537,10421,10476,210932,
MTX,201801,2017/12/15,10520,10521,10407,10458,25840,
MTX,201712,2017/12/18,10528,10531,10456,10522,159508,
MTX,201801,2017/12/18,10505,10517,10442,10512,26024,
MTX,201712,2017/12/19,10523,10530,10430,10438,168830,
MTX,201801,2017/12/19,10511,10519,10420,10427,46190,
MTX,201712,2017/12/20,10439,10509,10433,10496,111050,
MTX,201801,2017/12/20,10427,10524,10422,10499,102044,
MTX,201802,2017/12/21,10480,10527,10461,10488,3340,
MTX,201801,2017/12/21,10500,10540,10475,10501,176314,
MTX,201801,2017/12/22,10500,10538,10473,10524,126952,
MTX,201802,2017/12/22,10488,10520,10461,10511,3040,
MTX,201801,2017/12/25,10549,10565,10520,10529,97164,
MTX,201802,2017/12/25,10529,10550,10505,10516,2678,
MTX,201801,2017/12/26,10530,10541,10388,10394,199356,
MTX,201802,2017/12/26,10517,10526,10373,10378,6330,
MTX,201801,2017/12/27,10393,10495,10393,10492,163604,
MTX,201802,2017/12/27,10378,10479,10378,10478,5432,
MTX,201802,2017/12/28,10478,10575,10467,10563,8682,
MTX,201801,2017/12/28,10492,10593,10481,10579,198844,
MTX,201801,2017/12/29,10580,10650,10575,10629,164354,
MTX,201802,2017/12/29,10564,10632,10559,10609,6976,
MTX,201801,2018/1/2,10626,10726,10624,10720,153118,
MTX,201802,2018/1/2,10606,10707,10606,10701,6516,
MTX,201801,2018/1/3,10720,10823,10716,10819,150458,
MTX,201802,2018/1/3,10701,10805,10699,10803,7246,
MTX,201801,2018/1/4,10819,10866,10770,10856,167914,
MTX,201802,2018/1/4,10803,10848,10754,10837,8698,
MTX,201802,2018/1/5,10840,10853,10786,10853,6660,
MTX,201801,2018/1/5,10855,10870,10801,10868,159410,
MTX,201801,2018/1/8,10884,10900,10844,10877,144910,
MTX,201802,2018/1/8,10871,10883,10828,10862,7508,
MTX,201801,2018/1/9,10877,10909,10850,10892,143804,
MTX,201802,2018/1/9,10861,10891,10836,10874,8918,
MTX,201801,2018/1/10,10891,10904,10766,10780,193082,
MTX,201802,2018/1/10,10875,10888,10755,10768,14302,
MTX,201801,2018/1/11,10781,10834,10766,10810,201204,
MTX,201802,2018/1/11,10769,10821,10755,10797,16336,
MTX,201801,2018/1/12,10811,10905,10808,10903,167180,
MTX,201802,2018/1/12,10800,10900,10796,10898,18276,
MTX,201802,2018/1/15,10920,10955,10895,10942,25074,
MTX,201801,2018/1/15,10930,10958,10902,10947,135004,
MTX,201801,2018/1/16,10946,11014,10917,10996,123890,
MTX,201802,2018/1/16,10942,11009,10915,10992,37448,
MTX,201801,2018/1/17,10995,11024,10941,11020,113542,
MTX,201802,2018/1/17,10990,11010,10940,11006,97146,
MTX,201802,2018/1/18,11006,11137,11005,11079,256626,
MTX,201803,2018/1/18,10990,11123,10990,11066,12806,
MTX,201802,2018/1/19,11078,11184,11074,11157,181944,
MTX,201803,2018/1/19,11066,11172,11064,11144,7044,
MTX,201803,2018/1/22,11131,11215,11103,11202,8360,
MTX,201802,2018/1/22,11137,11229,11113,11213,199048,
MTX,201803,2018/1/23,11200,11240,11170,11194,9776,
MTX,201802,2018/1/23,11211,11253,11180,11207,230268,
MTX,201802,2018/1/24,11207,11212,11090,11146,237218,
MTX,201803,2018/1/24,11195,11199,11079,11132,10760,
MTX,201802,2018/1/25,11147,11272,11098,11164,337758,
MTX,201803,2018/1/25,11134,11255,11084,11150,15228,
MTX,201802,2018/1/26,11163,11185,11080,11152,249904,
MTX,201803,2018/1/26,11152,11172,11069,11144,11292,
MTX,201802,2018/1/29,11210,11238,11156,11169,207652,
MTX,201803,2018/1/29,11196,11225,11145,11158,9890,
MTX,201802,2018/1/30,11169,11189,11025,11043,267398,
MTX,201803,2018/1/30,11156,11177,11015,11033,15258,
MTX,201803,2018/1/31,11034,11132,11008,11100,17372,
MTX,201802,2018/1/31,11043,11144,11017,11112,279456,
MTX,201802,2018/2/1,11110,11199,11086,11132,228258,
MTX,201803,2018/2/1,11099,11188,11077,11126,13150,
MTX,201802,2018/2/2,11133,11148,11042,11053,276968,
MTX,201803,2018/2/2,11126,11140,11035,11047,17246,
MTX,201802,2018/2/5,10888,10952,10848,10929,297276,
MTX,201803,2018/2/5,10910,10938,10839,10915,23456,
MTX,201802,2018/2/6,10930,10937,10243,10509,767770,
MTX,201803,2018/2/6,10918,10922,10228,10495,75736,
MTX,201803,2018/2/7,10490,10648,10479,10576,42040,
MTX,201802,2018/2/7,10508,10668,10494,10593,398934,
MTX,201802,2018/2/8,10594,10611,10400,10414,355824,
MTX,201803,2018/2/8,10576,10590,10389,10400,34124,
MTX,201802,2018/2/9,10411,10430,10123,10303,531188,
MTX,201803,2018/2/9,10400,10418,10107,10269,56604,
MTX,201802,2018/2/12,10421,10438,10377,10414,214084,
MTX,201803,2018/2/12,10387,10410,10351,10383,35490,
MTX,201802,2018/2/21,10629,10717,10591,10706,114414,
MTX,201803,2018/2/21,10580,10736,10564,10730,113934,
MTX,201803,2018/2/22,10731,10773,10593,10654,233426,
MTX,201804,2018/2/22,10630,10645,10581,10642,3312,
MTX,201804,2018/2/23,10639,10788,10623,10771,5356,
MTX,201803,2018/2/23,10654,10805,10637,10787,233632,
MTX,201803,2018/2/26,10870,10870,10801,10826,169430,
MTX,201804,2018/2/26,10861,10861,10786,10808,4428,
MTX,201803,2018/2/27,10825,10914,10752,10765,242780,
MTX,201804,2018/2/27,10811,10899,10738,10748,6334,
MTX,201803,2018/3/1,10655,10788,10600,10757,275630,
MTX,201804,2018/3/1,10607,10770,10587,10738,9062,
MTX,201803,2018/3/2,10757,10766,10575,10628,372788,
MTX,201804,2018/3/2,10740,10748,10557,10610,13218,
MTX,201804,2018/3/5,10682,10722,10581,10642,11870,
MTX,201803,2018/3/5,10700,10741,10598,10663,309376,
MTX,201804,2018/3/6,10643,10817,10643,10768,12254,
MTX,201803,2018/3/6,10663,10837,10663,10790,289402,
MTX,201803,2018/3/7,10789,10817,10700,10770,322146,
MTX,201804,2018/3/7,10768,10797,10683,10750,12814,
MTX,201803,2018/3/8,10770,10877,10723,10843,248448,
MTX,201804,2018/3/8,10750,10856,10702,10823,11092,
MTX,201803,2018/3/9,10844,10910,10827,10895,258628,
MTX,201804,2018/3/9,10821,10890,10810,10874,10302,
MTX,201803,2018/3/12,10966,11057,10948,11032,207684,
MTX,201804,2018/3/12,10950,11039,10931,11014,12628,
MTX,201804,2018/3/13,11018,11103,10998,11055,13476,
MTX,201803,2018/3/13,11033,11121,11013,11071,213116,
MTX,201804,2018/3/14,11054,11060,10974,10974,20798,
MTX,201803,2018/3/14,11071,11078,10988,10992,262312,
MTX,201803,2018/3/15,10991,11083,10970,11069,228098,
MTX,201804,2018/3/15,10976,11065,10955,11051,17626,
MTX,201803,2018/3/16,11069,11073,10922,10989,295294,
MTX,201804,2018/3/16,11052,11055,10907,10969,32858,
MTX,201803,2018/3/19,10980,11054,10952,10953,205440,
MTX,201804,2018/3/19,10963,11026,10930,10930,32542,
MTX,201803,2018/3/20,10954,11025,10920,11007,186250,
MTX,201804,2018/3/20,10930,10996,10898,10980,47110,
MTX,201803,2018/3/21,11007,11073,11000,11044,119566,
MTX,201804,2018/3/21,10980,11044,10976,11010,105064,
MTX,201805,2018/3/22,11012,11098,10851,10858,7916,
MTX,201804,2018/3/22,11010,11122,10874,10880,404176,
MTX,201804,2018/3/23,10880,10932,10715,10732,391248,
MTX,201805,2018/3/23,10858,10908,10694,10708,9874,
MTX,201804,2018/3/26,10690,10908,10682,10857,307546,
MTX,201805,2018/3/26,10668,10878,10657,10827,9016,
MTX,201804,2018/3/27,10856,11000,10836,10991,269562,
MTX,201805,2018/3/27,10829,10978,10810,10964,8376,
MTX,201804,2018/3/28,10990,10998,10774,10796,368352,
MTX,201805,2018/3/28,10967,10970,10749,10770,11416,
MTX,201805,2018/3/29,10772,10893,10738,10882,9842,
MTX,201804,2018/3/29,10798,10918,10763,10910,313874,
MTX,201804,2018/3/30,10911,10974,10896,10940,216616,
MTX,201805,2018/3/30,10884,10946,10872,10917,7074,
MTX,201804,2018/3/31,10940,10951,10912,10925,45198,
MTX,201805,2018/3/31,10915,10925,10890,10900,1466,
MTX,201804,2018/4/2,10921,10959,10744,10754,281516,
MTX,201805,2018/4/2,10899,10930,10720,10728,10436,
MTX,201804,2018/4/3,10754,10843,10701,10807,297962,
MTX,201805,2018/4/3,10727,10816,10678,10782,11056,
MTX,201805,2018/4/9,10804,10920,10788,10914,11790,
MTX,201804,2018/4/9,10835,10947,10813,10943,257960,
MTX,201804,2018/4/10,10944,10993,10852,10967,292262,
MTX,201805,2018/4/10,10918,10967,10828,10942,15444,
MTX,201804,2018/4/11,10967,11007,10937,10974,226754,
MTX,201805,2018/4/11,10942,10982,10915,10951,13714,
MTX,201804,2018/4/12,10974,11024,10905,10952,266204,
MTX,201805,2018/4/12,10953,10999,10885,10930,18654,
MTX,201804,2018/4/13,10953,10988,10920,10949,227044,
MTX,201805,2018/4/13,10930,10967,10905,10933,21534,
MTX,201804,2018/4/16,10975,10976,10908,10945,179864,
MTX,201805,2018/4/16,10955,10961,10895,10931,28912,
MTX,201805,2018/4/17,10932,10953,10756,10811,71478,
MTX,201804,2018/4/17,10945,10968,10773,10827,243826,
MTX,201805,2018/4/18,10811,10890,10788,10834,166030,
MTX,201804,2018/4/18,10827,10909,10790,10846,172898,
MTX,201805,2018/4/19,10834,10975,10832,10869,310478,
MTX,201806,2018/4/19,10819,10950,10816,10847,11608,
MTX,201805,2018/4/20,10869,10886,10775,10787,269690,
MTX,201806,2018/4/20,10846,10865,10758,10767,10190,
MTX,201805,2018/4/24,10676,10694,10547,10572,348172,
MTX,201806,2018/4/24,10730,10767,10688,10692,105786,
MTX,201805,2018/4/23,10706,10748,10671,10673,3385,
MTX,201806,2018/4/23,10656,10675,10531,10553,13288,
MTX,201805,2018/4/25,10572,10581,10412,10508,404856,
MTX,201806,2018/4/25,10554,10561,10396,10488,14872,
MTX,201806,2018/4/26,10488,10601,10432,10504,11728,
MTX,201805,2018/4/26,10508,10621,10450,10523,339200,
MTX,201805,2018/4/27,10523,10601,10482,10553,301462,
MTX,201806,2018/4/27,10504,10582,10464,10538,11206,
MTX,201805,2018/4/30,10596,10655,10536,10627,231102,
MTX,201806,2018/4/30,10579,10636,10520,10607,8532,
MTX,201805,2018/5/2,10627,10670,10570,10579,226522,
MTX,201806,2018/5/2,10603,10650,10554,10563,7794,
MTX,201805,2018/5/3,10578,10621,10407,10420,315484,
MTX,201806,2018/5/3,10561,10602,10391,10405,13432,
MTX,201805,2018/5/4,10421,10566,10419,10562,321260,
MTX,201806,2018/5/4,10405,10547,10403,10544,12606,
MTX,201806,2018/5/7,10577,10596,10512,10570,9560,
MTX,201805,2018/5/7,10600,10615,10528,10588,244780,
MTX,201805,2018/5/8,10587,10679,10568,10670,219200,
MTX,201806,2018/5/8,10570,10658,10551,10651,10666,
MTX,201805,2018/5/9,10669,10731,10658,10708,224546,
MTX,201806,2018/5/9,10650,10707,10638,10687,13434,
MTX,201805,2018/5/10,10707,10820,10707,10818,212916,
MTX,201806,2018/5/10,10688,10797,10688,10794,16174,
MTX,201805,2018/5/11,10817,10924,10803,10890,228120,
MTX,201806,2018/5/11,10795,10900,10782,10867,22512,
MTX,201806,2018/5/14,10897,10957,10870,10949,25916,
MTX,201805,2018/5/14,10923,10975,10890,10968,160222,
MTX,201806,2018/5/15,10948,10953,10804,10819,57286,
MTX,201805,2018/5/15,10968,10973,10818,10835,206070,
MTX,201805,2018/5/16,10836,10906,10826,10872,130130,
MTX,201806,2018/5/16,10820,10899,10811,10896,111576,
MTX,201806,2018/5/17,10896,10929,10798,10826,245966,
MTX,201807,2018/5/17,10683,10683,10562,10590,4074,
MTX,201806,2018/5/18,10826,10874,10790,10810,220858,
MTX,201807,2018/5/18,10590,10635,10555,10573,4032,
MTX,201806,2018/5/21,10865,10987,10862,10959,189770,
MTX,201807,2018/5/21,10627,10743,10627,10715,5288,
MTX,201806,2018/5/22,10959,10999,10911,10920,214324,
MTX,201807,2018/5/22,10714,10753,10673,10678,4830,
MTX,201807,2018/5/23,10679,10750,10576,10597,6784,
MTX,201806,2018/5/23,10919,10993,10815,10834,268996,
MTX,201806,2018/5/24,10834,10946,10833,10894,267224,
MTX,201807,2018/5/24,10596,10702,10594,10651,7090,
MTX,201806,2018/5/25,10893,10956,10890,10936,210806,
MTX,201807,2018/5/25,10652,10704,10641,10687,5462,
MTX,201806,2018/5/28,10978,10989,10937,10983,141126,
MTX,201807,2018/5/28,10724,10735,10688,10728,3908,
MTX,201806,2018/5/29,10978,10983,10896,10928,88005,
MTX,201807,2018/5/29,10722,10726,10643,10674,2520,
MTX,201806,2018/5/30,10874,10874,10761,10833,273138,
MTX,201807,2018/5/30,10621,10621,10510,10581,9336,
MTX,201807,2018/5/31,10581,10614,10566,10594,7998,
MTX,201806,2018/5/31,10833,10870,10820,10849,244864,
MTX,201806,2018/6/1,10849,10953,10830,10952,204474,
MTX,201807,2018/6/1,10594,10694,10576,10694,7108,
MTX,201806,2018/6/4,10974,11136,10972,11123,181694,
MTX,201807,2018/6/4,10712,10870,10712,10860,8234,
MTX,201806,2018/6/5,11123,11130,11035,11049,213566,
MTX,201807,2018/6/5,10859,10865,10774,10786,7650,
MTX,201806,2018/6/6,11048,11234,11042,11227,236474,
MTX,201807,2018/6/6,10786,10975,10782,10967,10050,
MTX,201807,2018/6/7,10967,10995,10913,10939,9244,
MTX,201806,2018/6/7,11227,11253,11174,11201,230044,
MTX,201807,2018/6/8,10938,10950,10810,10834,10572,
MTX,201806,2018/6/8,11201,11214,11071,11098,245112,
MTX,201806,2018/6/11,11150,11173,11097,11145,176916,
MTX,201807,2018/6/11,10888,10910,10837,10881,7346,
MTX,201806,2018/6/12,11145,11156,11054,11130,284522,
MTX,201807,2018/6/12,10884,10895,10798,10874,12638,
MTX,201806,2018/6/13,11130,11169,11096,11142,201586,
MTX,201807,2018/6/13,10877,10912,10842,10889,10380,
MTX,201806,2018/6/14,11141,11142,10957,11014,263620,
MTX,201807,2018/6/14,10885,10887,10716,10771,20482,
MTX,201807,2018/6/15,10771,10827,10727,10761,24116,
MTX,201806,2018/6/15,11014,11075,10960,11003,237606,
MTX,201806,2018/6/19,10950,10958,10814,10856,219028,
MTX,201807,2018/6/19,10726,10730,10567,10598,59092,
MTX,201806,2018/6/20,10856,10952,10842,10936,162760,
MTX,201807,2018/6/20,10598,10758,10585,10736,152016,
MTX,201807,2018/6/21,10736,10748,10625,10640,263524,
MTX,201808,2018/6/21,10585,10613,10495,10515,3874,
MTX,201807,2018/6/22,10640,10685,10582,10667,247944,
MTX,201808,2018/6/22,10514,10555,10458,10533,4904,
MTX,201807,2018/6/25,10625,10660,10503,10504,239652,
MTX,201808,2018/6/25,10489,10527,10375,10375,4988,
MTX,201808,2018/6/26,10375,10464,10355,10442,7324,
MTX,201807,2018/6/26,10504,10596,10484,10573,307284,
MTX,201808,2018/6/27,10443,10490,10385,10435,6718,
MTX,201807,2018/6/27,10573,10625,10515,10567,297828,
MTX,201807,2018/6/28,10567,10578,10484,10521,302456,
MTX,201808,2018/6/28,10439,10443,10350,10392,7166,
MTX,201807,2018/6/29,10522,10691,10508,10678,243430,
MTX,201808,2018/6/29,10393,10557,10381,10544,6932,
MTX,201807,2018/7/2,10676,10719,10575,10627,259588,
MTX,201808,2018/7/2,10545,10586,10444,10495,7138,
MTX,201807,2018/7/3,10628,10716,10543,10622,351002,
MTX,201808,2018/7/3,10489,10580,10416,10488,11044,
MTX,201807,2018/7/4,10624,10640,10583,10618,217512,
MTX,201808,2018/7/4,10495,10505,10453,10488,5578,
MTX,201808,2018/7/5,10492,10507,10362,10376,10096,
MTX,201807,2018/7/5,10625,10639,10488,10499,297076,
MTX,201807,2018/7/6,10516,10566,10414,10553,393324,
MTX,201808,2018/7/6,10390,10437,10291,10424,12572,
MTX,201807,2018/7/9,10584,10684,10582,10684,244452,
MTX,201808,2018/7/9,10450,10552,10450,10552,10070,
MTX,201807,2018/7/10,10684,10744,10680,10709,204612,
MTX,201808,2018/7/10,10552,10611,10550,10578,7442,
MTX,201807,2018/7/11,10619,10657,10575,10614,300748,
MTX,201808,2018/7/11,10496,10525,10450,10487,15998,
MTX,201808,2018/7/12,10487,10645,10481,10643,18340,
MTX,201807,2018/7/12,10614,10777,10608,10775,261012,
MTX,201808,2018/7/13,10645,10722,10639,10709,19736,
MTX,201807,2018/7/13,10775,10850,10768,10839,233306,
MTX,201807,2018/7/16,10852,10874,10795,10803,183794,
MTX,201808,2018/7/16,10728,10750,10684,10692,22266,
MTX,201807,2018/7/17,10804,10821,10756,10807,199414,
MTX,201808,2018/7/17,10692,10706,10646,10698,45964,
MTX,201807,2018/7/18,10806,10872,10790,10843,148446,
MTX,201808,2018/7/18,10698,10763,10688,10740,134408,
MTX,201808,2018/7/19,10741,10792,10692,10767,288596,
MTX,201809,2018/7/19,10696,10749,10652,10725,8772,
MTX,201808,2018/7/20,10768,10847,10753,10824,287364,
MTX,201809,2018/7/20,10726,10802,10712,10785,9042,
MTX,201809,2018/7/23,10805,10823,10755,10791,5896,
MTX,201808,2018/7/23,10841,10864,10793,10834,229232,
MTX,201808,2018/7/24,10833,10912,10802,10899,220796,
MTX,201809,2018/7/24,10794,10872,10763,10853,6242,
MTX,201808,2018/7/25,10899,10902,10851,10883,180710,
MTX,201809,2018/7/25,10856,10860,10812,10839,5500,
MTX,201808,2018/7/26,10884,10937,10872,10934,217434,
MTX,201809,2018/7/26,10841,10894,10833,10893,6812,
MTX,201808,2018/7/27,10935,11038,10918,11029,204532,
MTX,201809,2018/7/27,10893,10993,10876,10987,7006,
MTX,201809,2018/7/30,10927,10964,10891,10898,6262,
MTX,201808,2018/7/30,10969,11007,10932,10939,196732,
MTX,201808,2018/7/31,10939,11019,10913,11019,214686,
MTX,201809,2018/7/31,10896,10976,10872,10973,7754,
MTX,201808,2018/8/1,11018,11059,11010,11032,173416,
MTX,201809,2018/8/1,10975,11013,10966,10987,6292,
MTX,201808,2018/8/2,11032,11049,10862,10919,301096,
MTX,201809,2018/8/2,10986,11001,10819,10873,13322,
MTX,201808,2018/8/3,10918,11025,10914,11004,213794,
MTX,201809,2018/8/3,10874,10980,10874,10963,9392,
MTX,201809,2018/8/6,10954,10992,10916,10947,9512,
MTX,201808,2018/8/6,10991,11036,10957,10989,226596,
MTX,201808,2018/8/7,10990,11003,10950,10986,176876,
MTX,201809,2018/8/7,10948,10960,10910,10947,7600,
MTX,201808,2018/8/8,10987,11070,10984,11054,195518,
MTX,201809,2018/8/8,10947,11028,10946,11013,12892,
MTX,201808,2018/8/9,11054,11066,10968,11015,197772,
MTX,201809,2018/8/9,11013,11024,10933,10979,13398,
MTX,201808,2018/8/10,11014,11024,10920,10935,210434,
MTX,201809,2018/8/10,10980,10987,10887,10900,20560,
MTX,201808,2018/8/13,10910,10912,10693,10738,318856,
MTX,201809,2018/8/13,10880,10880,10666,10712,63410,
MTX,201809,2018/8/14,10712,10808,10701,10787,57938,
MTX,201808,2018/8/14,10738,10839,10727,10819,220514,
MTX,201808,2018/8/15,10821,10843,10696,10737,174652,
MTX,201809,2018/8/15,10788,10813,10586,10597,197318,
MTX,201809,2018/8/16,10597,10728,10590,10728,295640,
MTX,201810,2018/8/16,10585,10715,10577,10715,8900,
MTX,201809,2018/8/17,10729,10747,10613,10662,274382,
MTX,201810,2018/8/17,10715,10733,10603,10652,7712,
MTX,201809,2018/8/20,10685,10723,10652,10691,234824,
MTX,201810,2018/8/20,10677,10710,10642,10685,5920,
MTX,201810,2018/8/21,10680,10774,10673,10774,7378,
MTX,201809,2018/8/21,10691,10789,10682,10789,217500,
MTX,201810,2018/8/22,10775,10792,10723,10775,7098,
MTX,201809,2018/8/22,10789,10806,10733,10793,225904,
MTX,201809,2018/8/23,10793,10851,10758,10813,277152,
MTX,201810,2018/8/23,10777,10834,10746,10800,9768,
MTX,201809,2018/8/24,10811,10829,10728,10808,277054,
MTX,201810,2018/8/24,10797,10811,10715,10792,8946,
MTX,201809,2018/8/27,10830,10932,10820,10929,223152,
MTX,201810,2018/8/27,10808,10908,10802,10906,8306,
MTX,201809,2018/8/28,10929,10989,10926,10959,192180,
MTX,201810,2018/8/28,10907,10970,10904,10940,7408,
MTX,201809,2018/8/29,10960,11085,10950,11082,235360,
MTX,201810,2018/8/29,10938,11063,10931,11060,10232,
MTX,201810,2018/8/30,11062,11111,10976,10987,11386,
MTX,201809,2018/8/30,11083,11134,10993,11003,298026,
MTX,201809,2018/8/31,11002,11027,10953,10994,272930,
MTX,201810,2018/8/31,10983,11010,10937,10982,11232,
MTX,201809,2018/9/3,11010,11045,10920,10955,240068,
MTX,201810,2018/9/3,11000,11029,10908,10941,10794,
MTX,201809,2018/9/4,10956,11015,10935,10953,271340,
MTX,201810,2018/9/4,10941,10999,10922,10941,11896,
MTX,201809,2018/9/5,10954,11021,10600,10902,312680,
MTX,201810,2018/9/5,10940,11005,10600,10888,14882,
MTX,201810,2018/9/6,10891,10936,10853,10875,16336,
MTX,201809,2018/9/6,10903,10951,10864,10887,327360,
MTX,201809,2018/9/7,10887,10900,10803,10850,339344,
MTX,201810,2018/9/7,10873,10885,10792,10836,19062,
MTX,201809,2018/9/10,10860,10879,10708,10727,314414,
MTX,201810,2018/9/10,10845,10865,10702,10717,20762,
MTX,201809,2018/9/11,10728,10767,10682,10748,292354,
MTX,201810,2018/9/11,10719,10757,10676,10740,19602,
MTX,201809,2018/9/12,10747,10774,10687,10718,287844,
MTX,201810,2018/9/12,10740,10765,10685,10715,22864,
MTX,201809,2018/9/13,10719,10779,10710,10760,261626,
MTX,201810,2018/9/13,10715,10770,10706,10752,25478,
MTX,201810,2018/9/14,10753,10897,10748,10889,35136,
MTX,201809,2018/9/14,10761,10905,10755,10897,245886,
MTX,201809,2018/9/17,10859,10869,10810,10826,177194,
MTX,201810,2018/9/17,10862,10864,10808,10823,33092,
MTX,201809,2018/9/18,10826,10834,10761,10830,203936,
MTX,201810,2018/9/18,10823,10830,10759,10828,66576,
MTX,201809,2018/9/19,10831,10876,10820,10872,111438,
MTX,201810,2018/9/19,10828,10893,10819,10891,109624,
MTX,201909,2018/9/20,10498,10512,10339,10390,536,
MTX,201810,2018/9/20,10891,10922,10825,10884,265190,
MTX,201811,2018/9/20,10878,10908,10818,10874,7360,
MTX,201909,2018/9/21,10398,10472,10362,10448,376,
MTX,201811,2018/9/21,10874,10975,10846,10956,11578,
MTX,201810,2018/9/21,10884,10988,10855,10968,282338,
MTX,201810,2018/9/25,10955,10997,10935,10977,173268,
MTX,201811,2018/9/25,10944,10985,10924,10967,5958,
MTX,201909,2018/9/25,10454,10479,10425,10456,318,
MTX,201909,2018/9/26,10456,10477,10441,10463,248,
MTX,201810,2018/9/26,10976,10991,10948,10973,181044,
MTX,201811,2018/9/26,10966,10979,10939,10960,5630,
MTX,201811,2018/9/27,10963,11002,10911,11002,10178,
MTX,201909,2018/9/27,10472,10500,10429,10500,432,
MTX,201810,2018/9/27,10973,11016,10920,11016,248208,
MTX,201909,2018/9/28,10509,10520,10410,10439,596,
MTX,201811,2018/9/28,11003,11025,10910,10931,12866,
MTX,201810,2018/9/28,11016,11039,10920,10942,291014,
MTX,201810,2018/10/1,10969,11022,10965,11020,151964,
MTX,201811,2018/10/1,10951,11008,10951,11006,7432,
MTX,201810,2018/10/2,11020,11021,10841,10892,273740,
MTX,201811,2018/10/2,11007,11008,10833,10882,14552,
MTX,201810,2018/10/3,10893,10914,10844,10860,238284,
MTX,201811,2018/10/3,10882,10902,10835,10848,10548,
MTX,201810,2018/10/4,10861,10869,10614,10614,305416,
MTX,201811,2018/10/4,10851,10858,10608,10608,19950,
MTX,201811,2018/10/5,10609,10666,10414,10415,27892,
MTX,201810,2018/10/5,10614,10673,10417,10418,460966,
MTX,201810,2018/10/8,10468,10530,10385,10433,308962,
MTX,201811,2018/10/8,10458,10525,10382,10425,18284,
MTX,201810,2018/10/9,10432,10508,10421,10466,295924,
MTX,201811,2018/10/9,10426,10503,10420,10465,19024,
MTX,201810,2018/10/11,10020,10080,9630,9725,633770,
MTX,201811,2018/10/11,10009,10077,9617,9704,61860,
MTX,201810,2018/10/12,9725,10021,9642,9930,458802,
MTX,201811,2018/10/12,9707,9995,9624,9915,49850,
MTX,201810,2018/10/15,9900,9927,9843,9867,284112,
MTX,201811,2018/10/15,9883,9904,9827,9851,41980,
MTX,201811,2018/10/16,9849,9995,9829,9987,87036,
MTX,201810,2018/10/16,9867,10039,9844,10031,306162,
MTX,201810,2018/10/17,10030,10115,9987,9993,200788,
MTX,201811,2018/10/17,9987,10065,9870,9924,215796,
MTX,201811,2018/10/18,9924,9986,9785,9797,367462,
MTX,201812,2018/10/18,9909,9970,9776,9783,8410,
MTX,201811,2018/10/19,9797,9963,9745,9899,443306,
MTX,201812,2018/10/19,9779,9948,9734,9889,11450,
MTX,201811,2018/10/22,9814,9972,9761,9881,375744,
MTX,201812,2018/10/22,9809,9957,9750,9868,11140,
MTX,201812,2018/10/23,9874,9894,9580,9595,15304,
MTX,201811,2018/10/23,9882,9906,9589,9605,447546,
MTX,201812,2018/10/24,9595,9777,9595,9672,16282,
MTX,201811,2018/10/24,9604,9791,9604,9682,542866,
MTX,201811,2018/10/25,9683,9688,9413,9572,525560,
MTX,201812,2018/10/25,9669,9674,9393,9560,15810,
MTX,201811,2018/10/26,9573,9636,9339,9418,600370,
MTX,201812,2018/10/26,9557,9620,9330,9413,19028,
MTX,201811,2018/10/29,9520,9574,9427,9510,388086,
MTX,201812,2018/10/29,9500,9559,9417,9500,11480,
MTX,201811,2018/10/30,9509,9564,9330,9526,458268,
MTX,201812,2018/10/30,9495,9549,9320,9512,14082,
MTX,201811,2018/10/31,9527,9764,9511,9738,369496,
MTX,201812,2018/10/31,9518,9750,9500,9724,14316,
MTX,201812,2018/11/1,9726,9815,9694,9809,12268,
MTX,201811,2018/11/1,9738,9830,9705,9819,346860,
MTX,201811,2018/11/2,9820,9931,9792,9842,394564,
MTX,201812,2018/11/2,9806,9917,9780,9827,14532,
MTX,201811,2018/11/5,9803,9840,9741,9824,307542,
MTX,201812,2018/11/5,9800,9824,9728,9810,11402,
MTX,201811,2018/11/6,9824,9868,9747,9789,289700,
MTX,201812,2018/11/6,9806,9851,9733,9771,10528,
MTX,201811,2018/11/7,9789,9917,9768,9909,354434,
MTX,201812,2018/11/7,9772,9898,9753,9891,14246,
MTX,201812,2018/11/8,9891,9981,9863,9888,13718,
MTX,201811,2018/11/8,9910,9999,9880,9904,294210,
MTX,201811,2018/11/9,9905,9912,9701,9725,335654,
MTX,201812,2018/11/9,9885,9893,9685,9705,17272,
MTX,201811,2018/11/12,9749,9864,9705,9706,286710,
MTX,201812,2018/11/12,9730,9845,9689,9690,16364,
MTX,201811,2018/11/13,9706,9776,9528,9755,431182,
MTX,201812,2018/11/13,9690,9755,9515,9736,27256,
MTX,201811,2018/11/14,9756,9840,9724,9795,329524,
MTX,201812,2018/11/14,9736,9815,9706,9771,21600,
MTX,201812,2018/11/15,9767,9857,9688,9816,34692,
MTX,201811,2018/11/15,9796,9881,9708,9839,415172,
MTX,201812,2018/11/16,9816,9902,9719,9766,32674,
MTX,201811,2018/11/16,9839,9927,9735,9783,364698,
MTX,201811,2018/11/19,9803,9850,9778,9802,214754,
MTX,201812,2018/11/19,9782,9833,9761,9784,32004,
MTX,201811,2018/11/20,9801,9809,9650,9704,295860,
MTX,201812,2018/11/20,9784,9792,9630,9680,78510,
MTX,201811,2018/11/21,9704,9760,9623,9742,184184,
MTX,201812,2018/11/21,9680,9778,9604,9771,168588,
MTX,201812,2018/11/22,9770,9788,9682,9692,224036,
MTX,201901,2018/11/22,9754,9772,9667,9679,4846,
MTX,201812,2018/11/23,9692,9733,9613,9650,258496,
MTX,201901,2018/11/23,9674,9717,9600,9635,7548,
MTX,201901,2018/11/26,9642,9833,9642,9778,9716,
MTX,201812,2018/11/26,9667,9850,9655,9793,319772,
MTX,201812,2018/11/27,9793,9808,9645,9739,328214,
MTX,201901,2018/11/27,9778,9790,9632,9722,9482,
MTX,201812,2018/11/28,9739,9902,9732,9875,334096,
MTX,201901,2018/11/28,9723,9885,9718,9858,10746,
MTX,201812,2018/11/29,9875,9995,9861,9888,322414,
MTX,201901,2018/11/29,9865,9978,9848,9870,10166,
MTX,201812,2018/11/30,9887,9942,9815,9849,284454,
MTX,201901,2018/11/30,9870,9926,9801,9836,8380,
MTX,201901,2018/12/3,9982,10138,9981,10077,12008,
MTX,201812,2018/12/3,10001,10155,9996,10093,285468,
MTX,201812,2018/12/4,10094,10122,10034,10047,251498,
MTX,201901,2018/12/4,10075,10105,10020,10035,8620,
MTX,201812,2018/12/5,10047,10054,9863,9892,313354,
MTX,201901,2018/12/5,10032,10033,9850,9878,11996,
MTX,201812,2018/12/6,9893,9900,9615,9627,395918,
MTX,201901,2018/12/6,9880,9885,9601,9610,18246,
MTX,201812,2018/12/7,9628,9800,9573,9750,355106,
MTX,201901,2018/12/7,9611,9781,9560,9730,14934,
MTX,201812,2018/12/10,9562,9688,9560,9617,309820,
MTX,201901,2018/12/10,9560,9668,9543,9596,14902,
MTX,201901,2018/12/11,9596,9738,9566,9705,16732,
MTX,201812,2018/12/11,9616,9762,9583,9729,341254,
MTX,201812,2018/12/12,9729,9859,9659,9854,357052,
MTX,201901,2018/12/12,9703,9836,9638,9832,21422,
MTX,201812,2018/12/13,9855,9886,9790,9842,299338,
MTX,201901,2018/12/13,9833,9866,9773,9828,21044,
MTX,201812,2018/12/14,9843,9868,9675,9753,329370,
MTX,201901,2018/12/14,9825,9849,9659,9731,31726,
MTX,201812,2018/12/17,9750,9825,9723,9773,240838,
MTX,201901,2018/12/17,9717,9800,9704,9752,36256,
MTX,201901,2018/12/18,9753,9772,9671,9720,61946,
MTX,201812,2018/12/18,9773,9792,9687,9751,256022,
MTX,201812,2018/12/19,9751,9778,9723,9767,129714,
MTX,201901,2018/12/19,9723,9784,9696,9777,118508,
MTX,201901,2018/12/20,9777,9790,9595,9664,372216,
MTX,201902,2018/12/20,9756,9771,9578,9646,10656,
MTX,201901,2018/12/21,9665,9700,9556,9667,380278,
MTX,201902,2018/12/21,9646,9681,9542,9652,11576,
MTX,201902,2018/12/22,9650,9657,9560,9571,3756,
MTX,201901,2018/12/22,9668,9677,9575,9587,106964,
MTX,201901,2018/12/24,9604,9627,9571,9593,206682,
MTX,201902,2018/12/24,9579,9609,9554,9575,5278,
MTX,201901,2018/12/25,9593,9596,9410,9493,250712,
MTX,201902,2018/12/25,9576,9578,9395,9477,8498,
MTX,201901,2018/12/26,9493,9555,9438,9476,280510,
MTX,201902,2018/12/26,9474,9536,9422,9458,8094,
MTX,201902,2018/12/27,9458,9634,9455,9552,11716,
MTX,201901,2018/12/27,9476,9655,9471,9569,343144,
MTX,201902,2018/12/28,9551,9675,9523,9658,7868,
MTX,201901,2018/12/28,9569,9696,9540,9676,246806,
,,,,,,,,
,,,,,,,,
,,,,,,,,
,,,,,,,,
,,,,,,,,
,,,,,,,,
,,,,,,,,
,,,,,,,,
