,Symbol,Contract,Date,Open,High,Low,Close,Volume
0,TX,201601,2016/1/4,8262,8294,8036,8075,380524
4,TX,201602,2016/1/4,8246,8283,8027,8057,4700
8,TX,201601,2016/1/5,8099,8130,8011,8025,323212
12,TX,201602,2016/1/5,8078,8113,7999,8008,6176
16,TX,201601,2016/1/6,8038,8048,7901,7971,399772
20,TX,201602,2016/1/6,8026,8032,7887,7957,6310
25,TX,201601,2016/1/7,7956,7971,7731,7799,492516
29,TX,201602,2016/1/7,7942,7955,7717,7783,7280
33,TX,201601,2016/1/8,7755,7884,7734,7868,364336
37,TX,201602,2016/1/8,7727,7864,7714,7846,6900
41,TX,201601,2016/1/11,7730,7793,7672,7740,369046
46,TX,201602,2016/1/11,7706,7770,7652,7718,10260
50,TX,201601,2016/1/12,7800,7808,7680,7709,351324
55,TX,201602,2016/1/12,7768,7780,7650,7679,8390
59,TX,201601,2016/1/13,7784,7849,7736,7806,375686
64,TX,201602,2016/1/13,7747,7820,7710,7779,10522
69,TX,201601,2016/1/14,7647,7724,7607,7716,340304
74,TX,201602,2016/1/14,7624,7701,7580,7694,16502
79,TX,201601,2016/1/15,7801,7809,7636,7665,359398
84,TX,201602,2016/1/15,7786,7786,7613,7637,17090
88,TX,201601,2016/1/18,7513,7828,7503,7814,463158
93,TX,201602,2016/1/18,7470,7800,7470,7790,44008
98,TX,201601,2016/1/19,7786,7868,7750,7867,312462
103,TX,201602,2016/1/19,7780,7837,7722,7837,56426
108,TX,201601,2016/1/20,7797,7804,7673,7705,227112
112,TX,201602,2016/1/20,7755,7770,7592,7592,225832
119,TX,201602,2016/1/21,7659,7706,7601,7613,404380
124,TX,201603,2016/1/21,7630,7675,7572,7591,3632
129,TX,201602,2016/1/22,7730,7752,7641,7748,366046
132,TX,201603,2016/1/22,7694,7723,7613,7721,3136
137,TX,201602,2016/1/25,7768,7881,7766,7833,291780
142,TX,201603,2016/1/25,7741,7852,7739,7808,3524
146,TX,201602,2016/1/26,7784,7810,7745,7779,289808
150,TX,201603,2016/1/26,7752,7777,7717,7750,3700
154,TX,201602,2016/1/27,7850,7859,7778,7839,291024
159,TX,201603,2016/1/27,7819,7829,7749,7810,4216
163,TX,201602,2016/1/28,7800,7903,7793,7855,306050
168,TX,201603,2016/1/28,7773,7873,7766,7829,4988
172,TX,201602,2016/1/29,7841,8073,7820,8053,471778
177,TX,201603,2016/1/29,7817,8050,7797,8033,10996
181,TX,201602,2016/1/30,8103,8167,8091,8163,136018
185,TX,201603,2016/1/30,8084,8149,8071,8144,4802
189,TX,201602,2016/2/1,8131,8150,8067,8124,302784
193,TX,201603,2016/2/1,8128,8129,8047,8101,8292
197,TX,201602,2016/2/2,8079,8149,8061,8105,264400
200,TX,201603,2016/2/2,8064,8123,8037,8085,6156
204,TX,201602,2016/2/3,8026,8085,7993,8034,312072
208,TX,201603,2016/2/3,8003,8061,7971,8011,13258
212,TX,201602,2016/2/15,7920,8068,7907,8049,241044
217,TX,201603,2016/2/15,7900,8040,7885,8021,25578
222,TX,201602,2016/2/16,8080,8232,8077,8205,286900
227,TX,201603,2016/2/16,8051,8222,8051,8208,62250
232,TX,201602,2016/2/17,8232,8251,8193,8212,138950
236,TX,201603,2016/2/17,8212,8239,8168,8192,138242
243,TX,201603,2016/2/18,8290,8332,8233,8284,244900
248,TX,201604,2016/2/18,8274,8315,8220,8272,2224
252,TX,201603,2016/2/19,8278,8318,8253,8304,186936
255,TX,201604,2016/2/19,8261,8301,8239,8293,1636
259,TX,201603,2016/2/22,8289,8404,8261,8302,281086
264,TX,201604,2016/2/22,8281,8389,8250,8285,2654
268,TX,201603,2016/2/23,8321,8331,8271,8318,217312
272,TX,201604,2016/2/23,8310,8315,8258,8305,2614
276,TX,201603,2016/2/24,8300,8382,8216,8248,324524
279,TX,201604,2016/2/24,8287,8366,8199,8230,3362
283,TX,201603,2016/2/25,8287,8375,8271,8337,293280
288,TX,201604,2016/2/25,8261,8356,8255,8319,3956
292,TX,201603,2016/2/26,8390,8416,8311,8391,277082
296,TX,201604,2016/2/26,8365,8396,8293,8371,3262
301,TX,201603,2016/3/1,8372,8484,8360,8448,271332
306,TX,201604,2016/3/1,8348,8467,8345,8430,4002
310,TX,201603,2016/3/2,8540,8575,8500,8517,260948
315,TX,201604,2016/3/2,8531,8560,8486,8502,3774
319,TX,201603,2016/3/3,8530,8606,8517,8566,266862
323,TX,201604,2016/3/3,8511,8586,8502,8547,4718
327,TX,201603,2016/3/4,8570,8618,8548,8602,249246
330,TX,201604,2016/3/4,8554,8598,8531,8584,3528
334,TX,201603,2016/3/7,8605,8685,8573,8605,254082
339,TX,201604,2016/3/7,8589,8661,8550,8578,4992
344,TX,201603,2016/3/8,8611,8620,8525,8614,271730
349,TX,201604,2016/3/8,8591,8592,8500,8588,5902
353,TX,201603,2016/3/9,8613,8632,8555,8620,232454
358,TX,201604,2016/3/9,8580,8605,8530,8598,5958
362,TX,201603,2016/3/10,8629,8676,8601,8641,234424
366,TX,201604,2016/3/10,8605,8651,8581,8616,7086
370,TX,201603,2016/3/11,8618,8707,8608,8707,255716
374,TX,201604,2016/3/11,8599,8682,8583,8680,10804
378,TX,201603,2016/3/14,8727,8778,8725,8741,200756
383,TX,201604,2016/3/14,8708,8760,8700,8730,20798
387,TX,201603,2016/3/15,8739,8750,8578,8603,308990
392,TX,201604,2016/3/15,8725,8740,8559,8569,63650
397,TX,201603,2016/3/16,8636,8705,8633,8691,124474
401,TX,201604,2016/3/16,8620,8664,8603,8657,128516
407,TX,201604,2016/3/17,8754,8819,8681,8698,330450
412,TX,201605,2016/3/17,8720,8795,8659,8674,2682
418,TX,201604,2016/3/18,8725,8779,8703,8763,249868
421,TX,201605,2016/3/18,8702,8753,8683,8741,1922
426,TX,201604,2016/3/21,8798,8810,8690,8745,236446
429,TX,201605,2016/3/21,8773,8784,8668,8726,1864
433,TX,201604,2016/3/22,8775,8776,8660,8752,290980
438,TX,201605,2016/3/22,8745,8750,8638,8729,3632
442,TX,201604,2016/3/23,8761,8787,8698,8721,274424
443,TX,201605,2016/3/23,8738,8763,8678,8695,2610
447,TX,201604,2016/3/24,8685,8751,8627,8714,303476
451,TX,201605,2016/3/24,8665,8727,8606,8691,3750
455,TX,201604,2016/3/25,8727,8759,8671,8702,212566
460,TX,201605,2016/3/25,8705,8736,8651,8680,3040
464,TX,201604,2016/3/28,8720,8733,8653,8683,216310
468,TX,201605,2016/3/28,8686,8713,8637,8668,3424
472,TX,201604,2016/3/29,8682,8697,8564,8600,315640
477,TX,201605,2016/3/29,8665,8678,8548,8583,5000
481,TX,201604,2016/3/30,8645,8747,8626,8740,296268
484,TX,201605,2016/3/30,8615,8728,8609,8724,6222
489,TX,201604,2016/3/31,8784,8815,8691,8715,332280
491,TX,201605,2016/3/31,8760,8796,8676,8701,6018
495,TX,201604,2016/4/1,8670,8694,8598,8629,312788
498,TX,201605,2016/4/1,8660,8676,8583,8612,4704
502,TX,201604,2016/4/6,8591,8599,8453,8460,311666
507,TX,201605,2016/4/6,8568,8580,8432,8441,5158
511,TX,201604,2016/4/7,8470,8493,8381,8438,305284
514,TX,201605,2016/4/7,8446,8469,8357,8414,4936
519,TX,201604,2016/4/8,8388,8500,8375,8484,282602
523,TX,201605,2016/4/8,8361,8472,8350,8459,5416
528,TX,201604,2016/4/11,8456,8530,8415,8514,261738
532,TX,201605,2016/4/11,8448,8503,8391,8490,6136
538,TX,201604,2016/4/12,8541,8584,8468,8495,295976
543,TX,201605,2016/4/12,8508,8556,8442,8471,7114
547,TX,201604,2016/4/13,8542,8644,8529,8638,290742
551,TX,201605,2016/4/13,8516,8618,8503,8612,13090
555,TX,201604,2016/4/14,8705,8724,8645,8661,237216
559,TX,201605,2016/4/14,8698,8704,8625,8639,9826
563,TX,201604,2016/4/15,8620,8719,8591,8716,266992
566,TX,201605,2016/4/15,8600,8698,8570,8697,15420
570,TX,201604,2016/4/18,8651,8684,8630,8645,192938
574,TX,201605,2016/4/18,8637,8665,8614,8617,23232
579,TX,201604,2016/4/19,8700,8748,8598,8636,286448
584,TX,201605,2016/4/19,8676,8727,8565,8595,68938
588,TX,201604,2016/4/20,8657,8684,8498,8519,206442
592,TX,201605,2016/4/20,8620,8652,8439,8442,187986
598,TX,201605,2016/4/21,8513,8535,8455,8530,243392
601,TX,201606,2016/4/21,8480,8510,8428,8506,3022
607,TX,201605,2016/4/22,8513,8560,8461,8498,300040
610,TX,201606,2016/4/22,8487,8534,8440,8476,3538
615,TX,201605,2016/4/25,8519,8540,8477,8527,197424
618,TX,201606,2016/4/25,8493,8515,8457,8504,3044
623,TX,201605,2016/4/26,8533,8619,8523,8573,271396
625,TX,201606,2016/4/26,8510,8595,8501,8550,5322
629,TX,201605,2016/4/27,8560,8590,8506,8557,233500
631,TX,201606,2016/4/27,8543,8569,8485,8537,4358
635,TX,201605,2016/4/28,8586,8599,8408,8417,379334
638,TX,201606,2016/4/28,8569,8577,8387,8394,7422
643,TX,201605,2016/4/29,8375,8400,8303,8309,264306
646,TX,201606,2016/4/29,8341,8374,8280,8286,5594
651,TX,201605,2016/5/3,8319,8330,8220,8259,245558
655,TX,201606,2016/5/3,8289,8304,8197,8237,5440
660,TX,201605,2016/5/4,8238,8257,8105,8177,352902
664,TX,201606,2016/5/4,8212,8231,8081,8151,7890
669,TX,201605,2016/5/5,8160,8181,8095,8142,275628
673,TX,201606,2016/5/5,8131,8158,8074,8120,5834
678,TX,201605,2016/5/6,8118,8140,8061,8102,265096
680,TX,201606,2016/5/6,8097,8115,8040,8077,5598
684,TX,201605,2016/5/9,8141,8160,8065,8114,244468
687,TX,201606,2016/5/9,8118,8135,8044,8089,6456
692,TX,201605,2016/5/10,8116,8180,8057,8153,300070
694,TX,201606,2016/5/10,8093,8155,8034,8130,7512
698,TX,201605,2016/5/11,8177,8192,8081,8125,302478
702,TX,201606,2016/5/11,8158,8167,8058,8099,9324
706,TX,201605,2016/5/12,8096,8155,8066,8084,270362
711,TX,201606,2016/5/12,8069,8128,8040,8051,9862
716,TX,201605,2016/5/13,8067,8075,7953,8019,331032
719,TX,201606,2016/5/13,8041,8045,7923,7987,18506
723,TX,201605,2016/5/16,8021,8085,7988,8062,238700
728,TX,201606,2016/5/16,7992,8050,7959,8036,27354
733,TX,201605,2016/5/17,8076,8152,8020,8150,298822
738,TX,201606,2016/5/17,8050,8119,7994,8118,60260
742,TX,201605,2016/5/18,8093,8153,8056,8148,145894
745,TX,201606,2016/5/18,8055,8116,8020,8109,153394
751,TX,201606,2016/5/19,8118,8130,8006,8034,284698
755,TX,201607,2016/5/19,7918,7940,7817,7838,1786
760,TX,201606,2016/5/20,8035,8125,8023,8104,321650
765,TX,201607,2016/5/20,7838,7924,7823,7907,2686
770,TX,201606,2016/5/23,8121,8355,8051,8346,420774
774,TX,201607,2016/5/23,7925,8158,7858,8152,4020
780,TX,201606,2016/5/24,8329,8345,8276,8283,201642
784,TX,201607,2016/5/24,8144,8151,8086,8097,2096
789,TX,201606,2016/5/25,8341,8412,8332,8385,260194
793,TX,201607,2016/5/25,8150,8220,8144,8196,3204
797,TX,201606,2016/5/26,8401,8408,8352,8385,176638
802,TX,201607,2016/5/26,8211,8220,8167,8197,2098
806,TX,201606,2016/5/27,8416,8468,8390,8462,213860
810,TX,201607,2016/5/27,8221,8279,8203,8272,2852
815,TX,201606,2016/5/30,8481,8533,8433,8508,237054
819,TX,201607,2016/5/30,8290,8340,8242,8315,3084
825,TX,201606,2016/5/31,8499,8545,8455,8515,252612
828,TX,201607,2016/5/31,8310,8351,8268,8325,3218
832,TX,201606,2016/6/1,8490,8590,8486,8563,254504
836,TX,201607,2016/6/1,8296,8399,8296,8373,3930
841,TX,201606,2016/6/2,8568,8610,8518,8552,261808
845,TX,201607,2016/6/2,8379,8419,8329,8361,3714
849,TX,201606,2016/6/3,8561,8585,8537,8566,179368
853,TX,201607,2016/6/3,8374,8395,8349,8380,2504
857,TX,201606,2016/6/4,8566,8590,8560,8576,59808
861,TX,201607,2016/6/4,8380,8400,8374,8389,986
865,TX,201606,2016/6/6,8575,8655,8507,8575,262276
869,TX,201607,2016/6/6,8382,8463,8313,8380,6306
873,TX,201606,2016/6/7,8614,8684,8606,8666,247320
877,TX,201607,2016/6/7,8406,8485,8406,8474,6748
881,TX,201606,2016/6/8,8673,8742,8671,8718,256032
886,TX,201607,2016/6/8,8482,8546,8478,8527,12632
891,TX,201606,2016/6/13,8635,8636,8502,8525,286420
895,TX,201607,2016/6/13,8447,8447,8308,8330,49704
900,TX,201606,2016/6/14,8495,8578,8483,8575,200010
904,TX,201607,2016/6/14,8290,8383,8289,8381,51694
909,TX,201606,2016/6/15,8552,8607,8508,8601,166614
912,TX,201607,2016/6/15,8352,8428,8322,8414,162386
918,TX,201607,2016/6/16,8410,8410,8247,8283,322926
921,TX,201608,2016/6/16,8280,8287,8138,8166,1656
926,TX,201607,2016/6/17,8348,8431,8345,8395,270100
927,TX,201608,2016/6/17,8230,8314,8230,8281,1852
931,TX,201607,2016/6/20,8503,8520,8428,8469,233052
933,TX,201608,2016/6/20,8379,8403,8312,8354,1782
937,TX,201607,2016/6/21,8459,8525,8435,8510,212836
941,TX,201608,2016/6/21,8340,8405,8320,8392,1678
945,TX,201607,2016/6/22,8510,8530,8460,8509,225834
948,TX,201608,2016/6/22,8387,8409,8341,8390,2418
952,TX,201607,2016/6/23,8515,8526,8467,8510,161200
955,TX,201608,2016/6/23,8391,8407,8349,8391,1312
959,TX,201607,2016/6/24,8500,8553,8140,8237,700884
962,TX,201608,2016/6/24,8387,8432,8031,8118,6558
966,TX,201607,2016/6/27,8250,8339,8239,8325,246082
970,TX,201608,2016/6/27,8120,8215,8120,8206,2458
974,TX,201607,2016/6/28,8274,8387,8260,8376,257320
976,TX,201608,2016/6/28,8157,8264,8140,8255,2546
981,TX,201607,2016/6/29,8392,8493,8391,8436,273694
982,TX,201608,2016/6/29,8269,8370,8269,8316,3312
986,TX,201607,2016/6/30,8492,8542,8440,8518,299704
989,TX,201608,2016/6/30,8369,8416,8318,8397,3184
993,TX,201607,2016/7/1,8568,8638,8551,8626,251814
996,TX,201608,2016/7/1,8449,8510,8429,8501,2980
1000,TX,201607,2016/7/4,8636,8679,8598,8630,233176
1004,TX,201608,2016/7/4,8518,8552,8475,8508,2836
1008,TX,201607,2016/7/5,8600,8635,8567,8609,196684
1012,TX,201608,2016/7/5,8473,8510,8444,8488,2802
1016,TX,201607,2016/7/6,8552,8559,8443,8468,331440
1020,TX,201608,2016/7/6,8438,8438,8320,8341,4744
1024,TX,201607,2016/7/7,8508,8571,8505,8562,196920
1028,TX,201608,2016/7/7,8374,8443,8374,8434,4516
1032,TX,201607,2016/7/11,8683,8748,8677,8736,239284
1037,TX,201608,2016/7/11,8546,8613,8546,8602,5824
1041,TX,201607,2016/7/12,8751,8795,8736,8777,209886
1046,TX,201608,2016/7/12,8613,8662,8605,8638,5100
1051,TX,201607,2016/7/13,8825,8837,8726,8793,293442
1056,TX,201608,2016/7/13,8695,8697,8587,8652,8026
1061,TX,201607,2016/7/14,8800,8841,8769,8813,221434
1065,TX,201608,2016/7/14,8658,8694,8628,8673,7624
1070,TX,201607,2016/7/15,8846,8925,8823,8911,259172
1074,TX,201608,2016/7/15,8702,8786,8689,8777,13612
1078,TX,201607,2016/7/18,8918,9001,8912,8998,209336
1082,TX,201608,2016/7/18,8784,8872,8776,8869,28018
1087,TX,201607,2016/7/19,9020,9035,8962,9033,225740
1092,TX,201608,2016/7/19,8884,8923,8845,8921,49654
1097,TX,201607,2016/7/20,9010,9042,8972,9003,184160
1101,TX,201608,2016/7/20,8894,8935,8860,8882,149888
1108,TX,201608,2016/7/21,8922,9009,8916,8984,237506
1112,TX,201609,2016/7/21,8869,8955,8862,8932,3132
1117,TX,201608,2016/7/22,8965,8984,8925,8925,216162
1120,TX,201609,2016/7/22,8914,8931,8875,8875,2622
1125,TX,201608,2016/7/25,8967,9027,8803,8891,351364
1129,TX,201609,2016/7/25,8915,8972,8749,8837,5248
1134,TX,201608,2016/7/26,8871,8970,8862,8965,243172
1138,TX,201609,2016/7/26,8812,8915,8808,8913,2570
1143,TX,201608,2016/7/27,9016,9049,8952,8976,299268
1146,TX,201609,2016/7/27,8964,8993,8898,8919,3696
1150,TX,201608,2016/7/28,8982,9027,8926,8981,249188
1153,TX,201609,2016/7/28,8922,8967,8871,8917,3572
1157,TX,201608,2016/7/29,9003,9014,8889,8893,307372
1161,TX,201609,2016/7/29,8940,8950,8831,8833,3770
1165,TX,201608,2016/8/1,8940,9043,8936,9041,243234
1169,TX,201609,2016/8/1,8881,8979,8876,8978,3756
1174,TX,201608,2016/8/2,9014,9035,8993,9015,169208
1177,TX,201609,2016/8/2,8953,8968,8930,8947,2080
1181,TX,201608,2016/8/3,8914,8972,8861,8933,280606
1186,TX,201609,2016/8/3,8853,8898,8794,8861,5520
1193,TX,201608,2016/8/4,8990,8992,8891,8971,249830
1198,TX,201609,2016/8/4,8918,8921,8820,8902,3942
1204,TX,201608,2016/8/5,8996,9074,8973,9063,254124
1209,TX,201609,2016/8/5,8918,8998,8901,8994,4476
1213,TX,201608,2016/8/8,9133,9148,9063,9116,222312
1216,TX,201609,2016/8/8,9064,9074,8995,9045,5518
1223,TX,201608,2016/8/9,9122,9145,9096,9118,186998
1226,TX,201609,2016/8/9,9050,9072,9030,9048,4304
1230,TX,201608,2016/8/10,9136,9167,9090,9145,245708
1235,TX,201609,2016/8/10,9063,9106,9024,9087,8314
1240,TX,201608,2016/8/11,9125,9159,8998,9085,317900
1244,TX,201609,2016/8/11,9067,9099,8942,9030,13514
1249,TX,201608,2016/8/12,9129,9149,9102,9130,205854
1252,TX,201609,2016/8/12,9067,9090,9045,9071,10990
1256,TX,201608,2016/8/15,9147,9161,9087,9125,208258
1261,TX,201609,2016/8/15,9082,9104,9032,9086,25590
1266,TX,201608,2016/8/16,9155,9156,9052,9088,272542
1271,TX,201609,2016/8/16,9108,9111,8997,9028,61146
1277,TX,201608,2016/8/17,9073,9123,9067,9121,129812
1280,TX,201609,2016/8/17,9015,9036,8990,9012,141604
1286,TX,201609,2016/8/18,9010,9059,8980,9042,205404
1291,TX,201610,2016/8/18,8984,9037,8972,9021,1200
1295,TX,201609,2016/8/19,9050,9109,8942,8946,360192
1300,TX,201610,2016/8/19,9034,9086,8924,8931,2738
1304,TX,201609,2016/8/22,8941,8949,8853,8892,281098
1307,TX,201610,2016/8/22,8922,8931,8837,8874,2868
1311,TX,201609,2016/8/23,8921,8988,8912,8984,221272
1314,TX,201610,2016/8/23,8901,8968,8895,8966,2512
1318,TX,201609,2016/8/24,9002,9023,8948,8956,200238
1320,TX,201610,2016/8/24,8981,9002,8930,8934,1460
1324,TX,201609,2016/8/25,8942,9073,8939,9072,263668
1327,TX,201610,2016/8/25,8926,9050,8926,9050,3664
1332,TX,201609,2016/8/26,9055,9090,9036,9080,173432
1337,TX,201610,2016/8/26,9037,9067,9014,9060,1834
1341,TX,201609,2016/8/29,9045,9075,8948,9042,296124
1346,TX,201610,2016/8/29,9027,9052,8930,9021,3950
1351,TX,201609,2016/8/30,9075,9085,9021,9036,212524
1356,TX,201610,2016/8/30,9050,9060,8999,9014,2584
1360,TX,201609,2016/8/31,9018,9060,8959,8976,288432
1363,TX,201610,2016/8/31,8999,9036,8938,8955,4250
1367,TX,201609,2016/9/1,8971,8980,8883,8941,301202
1372,TX,201610,2016/9/1,8950,8955,8861,8918,4680
1377,TX,201609,2016/9/2,8948,8973,8904,8931,220038
1382,TX,201610,2016/9/2,8919,8944,8878,8903,3744
1386,TX,201609,2016/9/5,9000,9067,8997,9062,209006
1391,TX,201610,2016/9/5,8963,9038,8963,9037,5120
1395,TX,201609,2016/9/6,9073,9160,9062,9150,206192
1400,TX,201610,2016/9/6,9045,9135,9034,9127,4746
1404,TX,201609,2016/9/7,9156,9262,9150,9253,241860
1409,TX,201610,2016/9/7,9137,9239,9130,9232,5302
1414,TX,201609,2016/9/8,9251,9253,9215,9239,148734
1417,TX,201610,2016/9/8,9232,9232,9195,9220,2838
1421,TX,201609,2016/9/9,9182,9184,9113,9127,257454
1423,TX,201610,2016/9/9,9168,9168,9095,9106,5750
1427,TX,201609,2016/9/10,8930,9001,8923,8953,151086
1431,TX,201610,2016/9/10,8914,8976,8904,8928,7928
1435,TX,201609,2016/9/12,8990,8994,8898,8899,269392
1440,TX,201610,2016/9/12,8958,8966,8863,8865,10670
1446,TX,201609,2016/9/13,8974,8979,8816,8906,337144
1451,TX,201610,2016/9/13,8933,8943,8789,8880,14904
1455,TX,201609,2016/9/14,8866,8942,8854,8874,244924
1459,TX,201610,2016/9/14,8845,8913,8827,8850,16048
1463,TX,201609,2016/9/19,8949,9158,8947,9151,268082
1468,TX,201610,2016/9/19,8900,9134,8900,9126,44650
1472,TX,201609,2016/9/20,9142,9164,9113,9141,163238
1475,TX,201610,2016/9/20,9123,9140,9088,9110,34974
1480,TX,201609,2016/9/21,9129,9224,9115,9221,143742
1483,TX,201610,2016/9/21,9092,9172,9076,9165,138306
1489,TX,201610,2016/9/22,9221,9262,9154,9188,246476
1492,TX,201611,2016/9/22,9199,9234,9130,9160,4096
1496,TX,201610,2016/9/23,9234,9248,9189,9236,190508
1500,TX,201611,2016/9/23,9205,9220,9165,9209,1630
1504,TX,201610,2016/9/26,9222,9226,9148,9154,191036
1507,TX,201611,2016/9/26,9199,9199,9122,9127,1974
1512,TX,201610,2016/9/29,9226,9297,9206,9253,269304
1515,TX,201611,2016/9/29,9194,9268,9180,9225,3482
1519,TX,201610,2016/9/30,9183,9206,9127,9128,262672
1521,TX,201611,2016/9/30,9160,9176,9100,9100,3086
1525,TX,201610,2016/10/3,9205,9230,9161,9194,200732
1529,TX,201611,2016/10/3,9177,9200,9134,9166,3042
1533,TX,201610,2016/10/4,9202,9259,9187,9247,190424
1536,TX,201611,2016/10/4,9173,9229,9160,9219,3810
1541,TX,201610,2016/10/5,9210,9266,9201,9240,161888
1544,TX,201611,2016/10/5,9183,9235,9172,9209,2812
1551,TX,201610,2016/10/6,9281,9283,9207,9256,201930
1553,TX,201611,2016/10/6,9250,9252,9178,9226,3258
1557,TX,201610,2016/10/7,9250,9269,9236,9253,130320
1560,TX,201611,2016/10/7,9219,9238,9205,9220,2454
1565,TX,201610,2016/10/11,9300,9343,9143,9191,345180
1569,TX,201611,2016/10/11,9263,9309,9117,9161,9620
1574,TX,201610,2016/10/12,9180,9274,9164,9260,218878
1579,TX,201611,2016/10/12,9145,9245,9139,9234,11532
1583,TX,201610,2016/10/13,9268,9282,9179,9203,265324
1586,TX,201611,2016/10/13,9236,9253,9154,9176,12232
1591,TX,201610,2016/10/14,9207,9224,9147,9169,249118
1594,TX,201611,2016/10/14,9172,9200,9125,9148,14450
1599,TX,201610,2016/10/17,9178,9193,9060,9166,344672
1602,TX,201611,2016/10/17,9147,9171,9040,9143,44320
1607,TX,201610,2016/10/18,9183,9218,9154,9212,223214
1610,TX,201611,2016/10/18,9155,9204,9129,9200,50780
1614,TX,201610,2016/10/19,9223,9300,9219,9280,166292
1618,TX,201611,2016/10/19,9214,9268,9206,9251,138130
1623,TX,201611,2016/10/20,9269,9295,9235,9278,202806
1628,TX,201612,2016/10/20,9243,9265,9210,9250,2034
1633,TX,201611,2016/10/21,9259,9322,9241,9264,237402
1636,TX,201612,2016/10/21,9235,9292,9215,9238,2704
1640,TX,201611,2016/10/24,9294,9325,9269,9309,193918
1643,TX,201612,2016/10/24,9270,9297,9243,9282,2266
1647,TX,201611,2016/10/25,9328,9394,9308,9374,224396
1650,TX,201612,2016/10/25,9303,9368,9285,9352,4150
1654,TX,201611,2016/10/26,9340,9363,9323,9336,178208
1657,TX,201612,2016/10/26,9320,9339,9301,9311,3010
1661,TX,201611,2016/10/27,9324,9348,9260,9287,254574
1663,TX,201612,2016/10/27,9301,9323,9239,9267,4000
1668,TX,201611,2016/10/28,9286,9313,9261,9280,191142
1671,TX,201612,2016/10/28,9260,9290,9244,9261,3544
1675,TX,201611,2016/10/31,9263,9300,9174,9283,292902
1678,TX,201612,2016/10/31,9245,9279,9158,9265,5780
1682,TX,201611,2016/11/1,9259,9292,9226,9280,202508
1684,TX,201612,2016/11/1,9244,9272,9209,9261,3542
1688,TX,201611,2016/11/2,9199,9225,9144,9160,301234
1691,TX,201612,2016/11/2,9197,9207,9127,9143,7190
1695,TX,201611,2016/11/3,9131,9160,9078,9088,267270
1700,TX,201612,2016/11/3,9115,9143,9061,9071,6462
1705,TX,201611,2016/11/4,9058,9094,9047,9064,193990
1707,TX,201612,2016/11/4,9042,9075,9031,9046,4798
1712,TX,201611,2016/11/7,9131,9200,9115,9197,209638
1714,TX,201612,2016/11/7,9114,9177,9100,9172,10168
1718,TX,201611,2016/11/8,9216,9230,9162,9225,226632
1721,TX,201612,2016/11/8,9194,9206,9142,9198,7850
1725,TX,201611,2016/11/9,9223,9307,8891,8929,766124
1730,TX,201612,2016/11/9,9200,9278,8866,8902,29714
1734,TX,201611,2016/11/10,9140,9192,9134,9177,256412
1737,TX,201612,2016/11/10,9105,9169,9105,9158,19118
1741,TX,201611,2016/11/11,9048,9057,8949,8967,338848
1744,TX,201612,2016/11/11,9088,9088,8931,8947,26304
1750,TX,201611,2016/11/14,8957,8988,8877,8945,308362
1753,TX,201612,2016/11/14,8942,8970,8862,8938,46168
1757,TX,201611,2016/11/15,8900,8975,8896,8938,252488
1760,TX,201612,2016/11/15,8898,8958,8888,8917,60688
1764,TX,201611,2016/11/16,8990,9034,8979,8983,163560
1766,TX,201612,2016/11/16,8974,8998,8950,8957,139220
1771,TX,201612,2016/11/17,8942,8965,8906,8962,252064
1780,TX,201612,2016/11/18,8979,9006,8926,8987,263314
1787,TX,201612,2016/11/21,8980,9026,8971,9017,170236
1794,TX,201612,2016/11/22,9050,9164,9041,9140,263950
1802,TX,201612,2016/11/23,9150,9192,9142,9175,194008
1811,TX,201612,2016/11/24,9156,9165,9117,9142,201436
1820,TX,201612,2016/11/25,9142,9192,9133,9162,196836
1830,TX,201612,2016/11/28,9157,9248,9150,9223,232234
1839,TX,201612,2016/11/29,9222,9238,9196,9203,205472
1847,TX,201612,2016/11/30,9211,9245,9177,9226,242236
1852,TX,201612,2016/12/1,9229,9279,9218,9261,215450
1855,TX,201701,2016/12/1,9203,9257,9198,9241,3538
1859,TX,201612,2016/12/2,9199,9200,9148,9165,236730
1862,TX,201701,2016/12/2,9177,9180,9129,9143,4388
1866,TX,201612,2016/12/5,9159,9183,9117,9157,212470
1870,TX,201701,2016/12/5,9132,9161,9097,9134,3628
1874,TX,201612,2016/12/6,9232,9285,9230,9262,200222
1879,TX,201701,2016/12/6,9203,9261,9203,9241,6378
1883,TX,201612,2016/12/7,9300,9305,9248,9263,181144
1888,TX,201701,2016/12/7,9275,9282,9231,9246,4486
1892,TX,201612,2016/12/8,9360,9370,9315,9367,215354
1895,TX,201701,2016/12/8,9340,9350,9298,9348,7192
1899,TX,201612,2016/12/9,9377,9399,9365,9390,147294
1902,TX,201701,2016/12/9,9359,9378,9347,9372,3574
1906,TX,201612,2016/12/12,9420,9440,9350,9355,245796
1910,TX,201701,2016/12/12,9400,9422,9335,9339,8560
1914,TX,201612,2016/12/13,9340,9381,9338,9378,134452
1918,TX,201701,2016/12/13,9327,9365,9323,9364,5138
1922,TX,201612,2016/12/14,9409,9413,9353,9370,168268
1925,TX,201701,2016/12/14,9387,9396,9338,9351,7832
1929,TX,201612,2016/12/15,9330,9374,9305,9368,245774
1934,TX,201701,2016/12/15,9320,9359,9291,9354,14982
1939,TX,201612,2016/12/16,9367,9370,9309,9312,188676
1944,TX,201701,2016/12/16,9353,9354,9300,9300,18004
1948,TX,201612,2016/12/19,9290,9317,9242,9246,195932
1953,TX,201701,2016/12/19,9285,9308,9231,9233,26310
1957,TX,201612,2016/12/20,9261,9266,9209,9260,188794
1962,TX,201701,2016/12/20,9252,9256,9208,9254,39746
1968,TX,201612,2016/12/21,9261,9269,9225,9232,114836
1971,TX,201701,2016/12/21,9253,9261,9220,9224,107246
1976,TX,201701,2016/12/22,9211,9222,9123,9130,232372
1981,TX,201702,2016/12/22,9202,9210,9116,9119,2282
1985,TX,201701,2016/12/23,9115,9147,9088,9090,216742
1990,TX,201702,2016/12/23,9106,9135,9076,9080,2410
1994,TX,201701,2016/12/26,9107,9131,9089,9123,139652
1997,TX,201702,2016/12/26,9091,9118,9080,9111,1796
2001,TX,201701,2016/12/27,9123,9130,9106,9113,95226
2005,TX,201702,2016/12/27,9107,9117,9096,9100,1238
2009,TX,201701,2016/12/28,9110,9213,9105,9211,194284
2014,TX,201702,2016/12/28,9095,9198,9093,9196,3814
2018,TX,201701,2016/12/29,9188,9211,9168,9184,184788
2020,TX,201702,2016/12/29,9177,9196,9155,9173,3186
2024,TX,201701,2016/12/30,9215,9282,9215,9262,232726
2029,TX,201702,2016/12/30,9198,9265,9198,9252,4412
2033,TX,201701,2017/1/3,9266,9282,9231,9281,178472
2036,TX,201702,2017/1/3,9254,9268,9220,9268,3062
2040,TX,201701,2017/1/4,9281,9295,9261,9273,174410
2044,TX,201702,2017/1/4,9272,9282,9250,9261,2682
2048,TX,201701,2017/1/5,9270,9354,9266,9340,237832
2053,TX,201702,2017/1/5,9256,9341,9255,9327,5550
2057,TX,201701,2017/1/6,9353,9375,9338,9367,133646
2061,TX,201702,2017/1/6,9340,9362,9326,9354,2810
2065,TX,201701,2017/1/9,9379,9409,9325,9344,224828
2069,TX,201702,2017/1/9,9365,9397,9315,9335,5088
2073,TX,201701,2017/1/10,9332,9350,9320,9342,150632
2076,TX,201702,2017/1/10,9320,9340,9312,9333,3810
2080,TX,201701,2017/1/11,9395,9396,9333,9338,181140
2084,TX,201702,2017/1/11,9380,9385,9325,9327,6196
2088,TX,201701,2017/1/12,9353,9433,9350,9410,225618
2092,TX,201702,2017/1/12,9341,9423,9341,9403,14192
2096,TX,201701,2017/1/13,9388,9397,9361,9374,157754
2101,TX,201702,2017/1/13,9384,9388,9354,9370,10136
2106,TX,201701,2017/1/16,9360,9362,9274,9286,224124
2110,TX,201702,2017/1/16,9358,9358,9277,9286,41154
2114,TX,201701,2017/1/17,9282,9344,9280,9341,147866
2119,TX,201702,2017/1/17,9276,9336,9276,9333,40342
2124,TX,201701,2017/1/18,9336,9349,9314,9340,106012
2127,TX,201702,2017/1/18,9325,9333,9306,9318,108226
2133,TX,201702,2017/1/19,9337,9342,9254,9306,246238
2137,TX,201703,2017/1/19,9317,9329,9245,9296,3004
2141,TX,201702,2017/1/20,9283,9338,9278,9330,154094
2142,TX,201703,2017/1/20,9275,9326,9270,9320,2780
2147,TX,201702,2017/1/23,9319,9423,9318,9407,199354
2149,TX,201703,2017/1/23,9307,9411,9307,9396,4716
2153,TX,201702,2017/1/24,9423,9464,9405,9446,157014
2156,TX,201703,2017/1/24,9415,9453,9397,9435,3464
2160,TX,201702,2017/2/2,9500,9510,9373,9375,275618
2162,TX,201703,2017/2/2,9478,9497,9362,9365,6288
2166,TX,201702,2017/2/3,9418,9458,9408,9439,189484
2171,TX,201703,2017/2/3,9404,9445,9396,9429,5388
2175,TX,201702,2017/2/6,9477,9533,9441,9505,233366
2179,TX,201703,2017/2/6,9463,9521,9433,9493,7228
2184,TX,201702,2017/2/7,9499,9525,9482,9520,140248
2188,TX,201703,2017/2/7,9495,9516,9474,9512,4936
2192,TX,201702,2017/2/8,9513,9535,9463,9515,220918
2197,TX,201703,2017/2/8,9509,9525,9456,9506,8328
2202,TX,201702,2017/2/9,9518,9579,9505,9576,208176
2207,TX,201703,2017/2/9,9503,9563,9494,9562,14388
2212,TX,201702,2017/2/10,9600,9681,9586,9658,253890
2217,TX,201703,2017/2/10,9587,9670,9573,9649,19022
2222,TX,201702,2017/2/13,9670,9705,9661,9705,183218
2227,TX,201703,2017/2/13,9663,9692,9655,9690,34238
2231,TX,201702,2017/2/14,9729,9758,9695,9710,253636
2235,TX,201703,2017/2/14,9709,9747,9683,9700,59140
2240,TX,201702,2017/2/15,9726,9801,9722,9800,130646
2245,TX,201703,2017/2/15,9723,9805,9713,9802,136864
2250,TX,201703,2017/2/16,9819,9852,9758,9772,270334
2255,TX,201704,2017/2/16,9800,9832,9743,9756,3368
2261,TX,201703,2017/2/17,9760,9786,9747,9762,154252
2265,TX,201704,2017/2/17,9739,9770,9735,9750,2306
2269,TX,201703,2017/2/18,9778,9789,9772,9788,46518
2274,TX,201704,2017/2/18,9759,9774,9758,9772,898
2279,TX,201703,2017/2/20,9786,9814,9737,9766,202380
2284,TX,201704,2017/2/20,9774,9800,9725,9753,2752
2288,TX,201703,2017/2/21,9777,9785,9728,9766,199516
2292,TX,201704,2017/2/21,9767,9771,9718,9755,2978
2296,TX,201703,2017/2/22,9783,9827,9767,9783,242804
2299,TX,201704,2017/2/22,9775,9812,9756,9771,4324
2304,TX,201703,2017/2/23,9780,9820,9755,9772,230310
2308,TX,201704,2017/2/23,9771,9805,9743,9760,4048
2313,TX,201703,2017/2/24,9770,9786,9730,9761,199000
2317,TX,201704,2017/2/24,9756,9773,9722,9751,3118
2322,TX,201703,2017/3/1,9766,9770,9678,9682,275484
2327,TX,201704,2017/3/1,9755,9755,9669,9673,4590
2332,TX,201703,2017/3/2,9761,9784,9643,9691,317522
2335,TX,201704,2017/3/2,9749,9771,9635,9680,7542
2339,TX,201703,2017/3/3,9648,9672,9623,9629,243520
2343,TX,201704,2017/3/3,9636,9660,9613,9617,5920
2347,TX,201703,2017/3/6,9639,9684,9619,9683,196244
2352,TX,201704,2017/3/6,9630,9670,9607,9668,5388
2356,TX,201703,2017/3/7,9693,9734,9682,9727,188700
2360,TX,201704,2017/3/7,9675,9719,9668,9714,5918
2364,TX,201703,2017/3/8,9736,9765,9701,9748,226610
2368,TX,201704,2017/3/8,9728,9750,9689,9734,8610
2372,TX,201703,2017/3/9,9739,9742,9642,9652,277266
2377,TX,201704,2017/3/9,9728,9728,9634,9640,17356
2381,TX,201703,2017/3/10,9647,9652,9555,9625,307656
2386,TX,201704,2017/3/10,9635,9640,9547,9615,24624
2390,TX,201703,2017/3/13,9644,9698,9643,9692,218522
2394,TX,201704,2017/3/13,9630,9685,9630,9683,34820
2399,TX,201703,2017/3/14,9713,9767,9711,9749,203360
2404,TX,201704,2017/3/14,9707,9758,9703,9742,47378
2409,TX,201703,2017/3/15,9742,9752,9715,9732,128624
2414,TX,201704,2017/3/15,9740,9743,9706,9726,98894
2421,TX,201704,2017/3/16,9805,9852,9782,9840,247702
2426,TX,201705,2017/3/16,9790,9837,9770,9828,3086
2430,TX,201704,2017/3/17,9850,9896,9837,9890,190122
2434,TX,201705,2017/3/17,9840,9884,9826,9877,3098
2438,TX,201704,2017/3/20,9870,9908,9855,9895,174676
2441,TX,201705,2017/3/20,9864,9895,9843,9885,3150
2445,TX,201704,2017/3/21,9926,9980,9916,9962,233574
2450,TX,201705,2017/3/21,9926,9967,9906,9950,4086
2454,TX,201704,2017/3/22,9890,9907,9851,9898,261856
2459,TX,201705,2017/3/22,9880,9893,9838,9884,5708
2464,TX,201704,2017/3/23,9941,9952,9879,9909,248902
2468,TX,201705,2017/3/23,9923,9937,9868,9899,4540
2472,TX,201704,2017/3/24,9927,9928,9883,9901,200582
2477,TX,201705,2017/3/24,9914,9915,9872,9888,3254
2483,TX,201704,2017/3/27,9878,9917,9844,9865,242182
2487,TX,201705,2017/3/27,9870,9903,9834,9854,5244
2493,TX,201704,2017/3/28,9920,9927,9805,9883,360538
2497,TX,201705,2017/3/28,9905,9914,9795,9872,8656
2503,TX,201704,2017/3/29,9902,9904,9851,9862,224280
2507,TX,201705,2017/3/29,9895,9895,9840,9850,4846
2511,TX,201704,2017/3/30,9864,9888,9834,9850,203388
2513,TX,201705,2017/3/30,9850,9875,9824,9839,4444
2517,TX,201704,2017/3/31,9858,9872,9812,9821,195764
2520,TX,201705,2017/3/31,9849,9860,9803,9811,4920
2525,TX,201704,2017/4/5,9849,9968,9843,9961,276418
2530,TX,201705,2017/4/5,9837,9956,9833,9951,9602
2534,TX,201704,2017/4/6,9930,9941,9880,9897,220536
2538,TX,201705,2017/4/6,9922,9929,9873,9889,6288
2543,TX,201704,2017/4/7,9903,9905,9772,9863,404996
2548,TX,201705,2017/4/7,9891,9897,9765,9851,14024
2552,TX,201704,2017/4/10,9868,9892,9843,9876,187472
2557,TX,201705,2017/4/10,9860,9883,9837,9868,6306
2561,TX,201704,2017/4/11,9866,9895,9807,9816,313300
2564,TX,201705,2017/4/11,9861,9886,9801,9810,12630
2568,TX,201704,2017/4/12,9818,9830,9776,9814,239006
2572,TX,201705,2017/4/12,9808,9822,9770,9807,10612
2576,TX,201704,2017/4/13,9802,9869,9792,9846,282240
2580,TX,201705,2017/4/13,9790,9858,9785,9838,15254
2584,TX,201704,2017/4/14,9806,9808,9711,9716,327348
2588,TX,201705,2017/4/14,9802,9803,9702,9708,23406
2592,TX,201704,2017/4/17,9740,9754,9680,9722,273866
2597,TX,201705,2017/4/17,9724,9745,9675,9713,39210
2603,TX,201704,2017/4/18,9757,9772,9721,9737,209500
2608,TX,201705,2017/4/18,9756,9764,9712,9726,49818
2616,TX,201704,2017/4/19,9700,9707,9632,9638,202894
2618,TX,201705,2017/4/19,9692,9696,9615,9625,153468
2624,TX,201705,2017/4/20,9598,9640,9584,9615,228414
2629,TX,201706,2017/4/20,9577,9625,9572,9603,3988
2635,TX,201705,2017/4/21,9665,9706,9655,9697,219886
2638,TX,201706,2017/4/21,9659,9692,9643,9683,3788
2642,TX,201705,2017/4/24,9747,9766,9684,9705,249144
2646,TX,201706,2017/4/24,9729,9751,9671,9690,5270
2651,TX,201705,2017/4/25,9746,9827,9728,9813,278684
2655,TX,201706,2017/4/25,9735,9813,9714,9800,6246
2660,TX,201705,2017/4/26,9855,9871,9826,9841,240712
2665,TX,201706,2017/4/26,9845,9856,9813,9827,4422
2669,TX,201705,2017/4/27,9829,9850,9808,9839,188974
2673,TX,201706,2017/4/27,9819,9837,9796,9827,3696
2677,TX,201705,2017/4/28,9847,9884,9834,9857,213098
2682,TX,201706,2017/4/28,9834,9869,9822,9843,3944
2686,TX,201705,2017/5/2,9899,9950,9897,9932,208504
2691,TX,201706,2017/5/2,9880,9934,9880,9917,5416
2695,TX,201705,2017/5/3,9946,9966,9934,9936,154602
2698,TX,201706,2017/5/3,9939,9950,9920,9923,3548
2702,TX,201705,2017/5/4,9951,9965,9918,9959,173756
2707,TX,201706,2017/5/4,9934,9949,9906,9944,4004
2714,TX,201705,2017/5/5,9946,9951,9879,9889,218830
2719,TX,201706,2017/5/5,9932,9934,9864,9872,5738
2724,TX,201705,2017/5/8,9929,9959,9895,9921,207000
2729,TX,201706,2017/5/8,9909,9943,9881,9907,6204
2735,TX,201705,2017/5/9,9916,9994,9898,9904,330334
2740,TX,201706,2017/5/9,9904,9978,9884,9892,15386
2744,TX,201705,2017/5/10,9938,9959,9918,9947,184746
2747,TX,201706,2017/5/10,9928,9944,9906,9936,8884
2751,TX,201705,2017/5/11,9962,9997,9946,9987,238528
2756,TX,201706,2017/5/11,9950,9980,9933,9976,15258
2760,TX,201705,2017/5/12,9982,9996,9966,9981,166350
2764,TX,201706,2017/5/12,9972,9981,9952,9969,18370
2768,TX,201705,2017/5/15,9990,10038,9975,10038,172608
2773,TX,201706,2017/5/15,9973,10023,9966,10023,23474
2777,TX,201705,2017/5/16,10036,10054,10000,10022,191068
2781,TX,201706,2017/5/16,10024,10043,9991,10007,50730
2785,TX,201705,2017/5/17,10020,10022,9975,10000,138534
2788,TX,201706,2017/5/17,10007,10009,9930,9940,130980
2793,TX,201706,2017/5/18,9940,9959,9878,9942,282996
2796,TX,201707,2017/5/18,9729,9764,9684,9751,4432
2800,TX,201706,2017/5/19,9943,9973,9930,9951,162186
2803,TX,201707,2017/5/19,9763,9778,9738,9756,2304
2808,TX,201706,2017/5/22,9965,9984,9942,9981,174638
2812,TX,201707,2017/5/22,9772,9787,9747,9784,3176
2816,TX,201706,2017/5/23,9981,10017,9968,10006,202258
2821,TX,201707,2017/5/23,9789,9820,9773,9811,3382
2825,TX,201706,2017/5/24,10006,10033,9998,10028,164506
2827,TX,201707,2017/5/24,9812,9837,9805,9834,2878
2831,TX,201706,2017/5/25,10028,10137,10027,10126,210312
2834,TX,201707,2017/5/25,9835,9940,9834,9931,5180
2838,TX,201706,2017/5/26,10126,10133,10080,10088,214914
2842,TX,201707,2017/5/26,9931,9942,9886,9895,4886
2846,TX,201706,2017/5/31,10085,10105,10004,10014,230682
2850,TX,201707,2017/5/31,9893,9911,9822,9828,4572
2854,TX,201706,2017/6/1,10015,10079,10009,10078,178096
2858,TX,201707,2017/6/1,9830,9895,9827,9894,3994
2862,TX,201706,2017/6/2,10078,10146,10076,10145,199460
2867,TX,201707,2017/6/2,9894,9961,9892,9961,4954
2871,TX,201706,2017/6/3,10145,10160,10137,10157,49718
2874,TX,201707,2017/6/3,9958,9974,9953,9970,1486
2878,TX,201706,2017/6/5,10148,10210,10115,10205,223494
2882,TX,201707,2017/6/5,9968,10025,9932,10017,6536
2886,TX,201706,2017/6/6,10206,10207,10170,10186,137190
2889,TX,201707,2017/6/6,10022,10022,9987,9999,3802
2893,TX,201706,2017/6/7,10186,10229,10165,10191,234264
2896,TX,201707,2017/6/7,10001,10043,9983,10011,6948
2900,TX,201706,2017/6/8,10191,10221,10182,10220,155742
2904,TX,201707,2017/6/8,10007,10042,10001,10040,4398
2908,TX,201706,2017/6/9,10220,10252,10186,10202,216082
2912,TX,201707,2017/6/9,10040,10071,10008,10026,6508
2916,TX,201706,2017/6/12,10129,10159,10083,10101,238790
2920,TX,201707,2017/6/12,9950,9980,9907,9923,8324
2925,TX,201706,2017/6/13,10101,10143,10090,10139,193656
2928,TX,201707,2017/6/13,9923,9965,9915,9961,7554
2932,TX,201706,2017/6/14,10139,10165,10021,10072,353368
2936,TX,201707,2017/6/14,9962,9987,9846,9893,17992
2940,TX,201706,2017/6/15,10072,10075,10018,10052,244472
2944,TX,201707,2017/6/15,9893,9895,9840,9870,15846
2948,TX,201706,2017/6/16,10051,10159,10047,10144,266730
2951,TX,201707,2017/6/16,9870,9978,9867,9965,25096
2955,TX,201706,2017/6/19,10164,10271,10160,10271,217512
2959,TX,201707,2017/6/19,9989,10098,9984,10098,41774
2963,TX,201706,2017/6/20,10271,10353,10268,10312,250772
2968,TX,201707,2017/6/20,10098,10185,10098,10148,71262
2972,TX,201706,2017/6/21,10311,10371,10267,10369,190454
2975,TX,201707,2017/6/21,10148,10204,10103,10197,177748
2979,TX,201707,2017/6/22,10198,10234,10174,10227,246594
2981,TX,201708,2017/6/22,10098,10131,10070,10125,3294
2985,TX,201707,2017/6/23,10227,10245,10182,10198,220524
2990,TX,201708,2017/6/23,10123,10141,10086,10093,3252
2995,TX,201707,2017/6/26,10207,10423,10202,10393,396838
2999,TX,201708,2017/6/26,10098,10326,10098,10296,7008
3005,TX,201707,2017/6/27,10393,10412,10339,10347,247450
3010,TX,201708,2017/6/27,10299,10316,10240,10247,5470
3017,TX,201707,2017/6/28,10347,10351,10247,10303,352490
3021,TX,201708,2017/6/28,10245,10246,10146,10196,7216
3025,TX,201707,2017/6/29,10303,10356,10215,10222,294770
3030,TX,201708,2017/6/29,10195,10250,10115,10124,6628
3034,TX,201707,2017/6/30,10222,10280,10196,10256,289304
3039,TX,201708,2017/6/30,10120,10177,10095,10150,6274
3043,TX,201707,2017/7/3,10260,10319,10231,10306,231434
3047,TX,201708,2017/7/3,10162,10216,10130,10206,4608
3053,TX,201707,2017/7/4,10306,10308,10209,10221,295036
3056,TX,201708,2017/7/4,10200,10204,10108,10120,5794
3060,TX,201707,2017/7/5,10221,10318,10171,10306,353620
3065,TX,201708,2017/7/5,10116,10210,10066,10202,7690
3070,TX,201707,2017/7/6,10306,10329,10218,10233,293278
3072,TX,201708,2017/7/6,10199,10221,10115,10129,6366
3076,TX,201707,2017/7/7,10234,10246,10195,10209,268204
3078,TX,201708,2017/7/7,10130,10140,10093,10107,5822
3082,TX,201707,2017/7/10,10226,10242,10180,10222,238666
3085,TX,201708,2017/7/10,10122,10137,10079,10117,5444
3089,TX,201707,2017/7/11,10223,10356,10222,10336,299492
3093,TX,201708,2017/7/11,10118,10249,10118,10234,11758
3100,TX,201707,2017/7/12,10337,10383,10321,10373,252310
3104,TX,201708,2017/7/12,10222,10276,10214,10258,8344
3110,TX,201707,2017/7/13,10372,10442,10367,10407,311288
3114,TX,201708,2017/7/13,10259,10324,10256,10295,18394
3119,TX,201707,2017/7/14,10407,10424,10391,10418,168278
3122,TX,201708,2017/7/14,10294,10310,10278,10306,13296
3126,TX,201707,2017/7/17,10458,10480,10414,10425,229884
3130,TX,201708,2017/7/17,10343,10367,10293,10311,26200
3134,TX,201707,2017/7/18,10426,10467,10407,10457,178916
3139,TX,201708,2017/7/18,10310,10350,10291,10337,37028
3143,TX,201707,2017/7/19,10458,10541,10453,10500,181652
3145,TX,201708,2017/7/19,10338,10422,10333,10408,134130
3150,TX,201708,2017/7/20,10408,10425,10370,10382,207284
3152,TX,201709,2017/7/20,10380,10395,10344,10353,3380
3156,TX,201708,2017/7/21,10383,10388,10287,10295,219828
3160,TX,201709,2017/7/21,10355,10358,10260,10267,3896
3164,TX,201708,2017/7/24,10300,10369,10285,10360,206874
3167,TX,201709,2017/7/24,10279,10339,10260,10333,3586
3171,TX,201708,2017/7/25,10361,10387,10338,10383,200282
3174,TX,201709,2017/7/25,10333,10357,10309,10351,3766
3178,TX,201708,2017/7/26,10384,10421,10320,10343,294050
3181,TX,201709,2017/7/26,10351,10389,10291,10313,6204
3185,TX,201708,2017/7/27,10344,10466,10334,10464,276950
3188,TX,201709,2017/7/27,10313,10433,10305,10427,7102
3192,TX,201708,2017/7/28,10464,10464,10320,10335,290888
3195,TX,201709,2017/7/28,10429,10430,10289,10301,6608
3199,TX,201708,2017/7/31,10333,10373,10289,10355,230964
3201,TX,201709,2017/7/31,10301,10342,10260,10326,5492
3205,TX,201708,2017/8/1,10355,10424,10346,10380,268716
3209,TX,201709,2017/8/1,10322,10388,10317,10346,6200
3213,TX,201708,2017/8/2,10380,10471,10379,10440,265194
3214,TX,201709,2017/8/2,10346,10434,10346,10406,7800
3218,TX,201708,2017/8/3,10439,10454,9408,10399,289440
3219,TX,201709,2017/8/3,10406,10419,9387,10368,8050
3223,TX,201708,2017/8/4,10400,10456,10398,10446,181726
3226,TX,201709,2017/8/4,10365,10420,10363,10408,5032
3231,TX,201708,2017/8/7,10476,10544,10475,10541,191766
3234,TX,201709,2017/8/7,10436,10504,10436,10504,6924
3238,TX,201708,2017/8/8,10540,10567,10485,10542,249238
3241,TX,201709,2017/8/8,10504,10528,10447,10502,9576
3245,TX,201708,2017/8/9,10542,10544,10429,10439,306118
3248,TX,201709,2017/8/9,10502,10503,10390,10398,13658
3253,TX,201708,2017/8/10,10439,10484,10264,10271,418556
3255,TX,201709,2017/8/10,10400,10443,10229,10234,27036
3260,TX,201708,2017/8/11,10271,10326,10224,10305,327066
3262,TX,201709,2017/8/11,10234,10285,10185,10263,24286
3267,TX,201708,2017/8/14,10344,10357,10223,10278,319128
3272,TX,201709,2017/8/14,10298,10314,10171,10225,46306
3277,TX,201708,2017/8/15,10278,10331,10261,10272,285098
3282,TX,201709,2017/8/15,10227,10277,10206,10212,75978
3287,TX,201708,2017/8/16,10272,10319,10235,10254,215746
3289,TX,201709,2017/8/16,10212,10258,10190,10254,175492
3293,TX,201709,2017/8/17,10254,10324,10245,10284,282156
3298,TX,201710,2017/8/17,10239,10306,10230,10268,3900
3302,TX,201709,2017/8/18,10284,10286,10200,10266,337996
3305,TX,201710,2017/8/18,10266,10266,10186,10250,4454
3309,TX,201709,2017/8/21,10259,10280,10217,10273,238130
3313,TX,201710,2017/8/21,10242,10258,10200,10253,3930
3317,TX,201709,2017/8/22,10273,10406,10269,10403,249384
3322,TX,201710,2017/8/22,10253,10381,10248,10377,4772
3327,TX,201709,2017/8/23,10402,10419,10340,10360,292926
3331,TX,201710,2017/8/23,10376,10393,10317,10338,5306
3336,TX,201709,2017/8/24,10361,10494,10350,10468,278446
3340,TX,201710,2017/8/24,10337,10470,10330,10436,6376
3344,TX,201709,2017/8/25,10469,10511,10431,10492,242150
3347,TX,201710,2017/8/25,10445,10485,10408,10465,4374
3351,TX,201709,2017/8/28,10466,10515,10457,10506,228328
3355,TX,201710,2017/8/28,10453,10490,10434,10481,4592
3359,TX,201709,2017/8/29,10506,10508,10421,10471,288396
3361,TX,201710,2017/8/29,10472,10483,10399,10448,5320
3366,TX,201709,2017/8/30,10472,10552,10469,10541,293366
3370,TX,201710,2017/8/30,10448,10528,10446,10518,6604
3374,TX,201709,2017/8/31,10542,10581,10532,10560,260356
3375,TX,201710,2017/8/31,10520,10558,10511,10537,4688
3379,TX,201709,2017/9/1,10560,10598,10540,10592,219206
3384,TX,201710,2017/9/1,10540,10574,10520,10570,4408
3388,TX,201709,2017/9/4,10550,10579,10533,10564,195122
3392,TX,201710,2017/9/4,10532,10558,10515,10547,4054
3396,TX,201709,2017/9/5,10564,10590,10528,10555,244324
3401,TX,201710,2017/9/5,10546,10572,10512,10539,4052
3405,TX,201709,2017/9/6,10554,10570,10483,10531,347552
3408,TX,201710,2017/9/6,10537,10552,10466,10511,7870
3412,TX,201709,2017/9/7,10532,10568,10477,10501,299406
3415,TX,201710,2017/9/7,10513,10548,10461,10486,6744
3420,TX,201709,2017/9/8,10501,10571,10495,10560,290784
3424,TX,201710,2017/9/8,10483,10549,10476,10538,8792
3428,TX,201709,2017/9/11,10628,10635,10535,10589,312450
3431,TX,201710,2017/9/11,10590,10612,10518,10568,13046
3436,TX,201709,2017/9/12,10589,10614,10564,10590,223508
3441,TX,201710,2017/9/12,10570,10591,10542,10568,8008
3445,TX,201709,2017/9/18,10605,10652,10582,10650,243822
3450,TX,201710,2017/9/18,10580,10631,10559,10629,48100
3454,TX,201709,2017/9/19,10650,10658,10560,10568,262844
3459,TX,201710,2017/9/19,10630,10635,10535,10543,61122
3463,TX,201709,2017/9/20,10569,10585,10490,10510,219604
3465,TX,201710,2017/9/20,10543,10556,10485,10500,181352
3472,TX,201710,2017/9/21,10500,10583,10460,10566,292276
3476,TX,201711,2017/9/21,10495,10565,10457,10551,4070
3480,TX,201710,2017/9/22,10566,10571,10412,10418,357466
3484,TX,201711,2017/9/22,10553,10554,10397,10400,5222
3488,TX,201710,2017/9/25,10426,10453,10276,10285,357224
3492,TX,201711,2017/9/25,10410,10435,10259,10265,6910
3496,TX,201710,2017/9/26,10284,10369,10260,10285,363124
3500,TX,201711,2017/9/26,10267,10350,10241,10266,7384
3504,TX,201710,2017/9/27,10286,10345,10281,10321,286788
3509,TX,201711,2017/9/27,10268,10327,10264,10304,6108
3514,TX,201710,2017/9/28,10321,10350,10266,10290,348436
3516,TX,201711,2017/9/28,10303,10331,10249,10276,7570
3520,TX,201710,2017/9/29,10290,10344,10263,10343,275274
3522,TX,201711,2017/9/29,10275,10325,10247,10325,6632
3526,TX,201710,2017/9/30,10343,10394,10340,10380,95616
3529,TX,201711,2017/9/30,10325,10375,10323,10362,2298
3533,TX,201710,2017/10/2,10392,10458,10386,10445,233080
3537,TX,201711,2017/10/2,10371,10439,10370,10428,5864
3541,TX,201710,2017/10/3,10445,10475,10427,10459,231974
3545,TX,201711,2017/10/3,10428,10458,10412,10442,5438
3550,TX,201710,2017/10/5,10460,10532,10438,10531,229820
3554,TX,201711,2017/10/5,10444,10514,10422,10513,6960
3558,TX,201710,2017/10/6,10531,10544,10496,10513,200768
3562,TX,201711,2017/10/6,10513,10527,10481,10495,5440
3566,TX,201710,2017/10/11,10556,10648,10555,10635,340596
3570,TX,201711,2017/10/11,10535,10629,10535,10618,16054
3574,TX,201710,2017/10/12,10634,10705,10633,10700,209916
3577,TX,201711,2017/10/12,10618,10688,10617,10685,13974
3581,TX,201710,2017/10/13,10700,10732,10670,10729,162192
3585,TX,201711,2017/10/13,10685,10718,10657,10714,11814
3590,TX,201710,2017/10/16,10745,10769,10710,10765,204398
3594,TX,201711,2017/10/16,10730,10755,10698,10750,24104
3598,TX,201710,2017/10/17,10764,10781,10713,10723,211640
3602,TX,201711,2017/10/17,10750,10767,10706,10714,60920
3607,TX,201710,2017/10/18,10723,10783,10686,10727,189146
3610,TX,201711,2017/10/18,10713,10775,10688,10741,157064
3614,TX,201711,2017/10/19,10741,10800,10684,10717,304270
3619,TX,201712,2017/10/19,10729,10785,10675,10710,4942
3624,TX,201711,2017/10/20,10717,10764,10700,10745,252002
3628,TX,201712,2017/10/20,10706,10752,10691,10736,4718
3634,TX,201711,2017/10/23,10764,10786,10720,10731,243210
3638,TX,201712,2017/10/23,10755,10775,10712,10722,4552
3643,TX,201711,2017/10/24,10731,10769,10709,10769,202862
3647,TX,201712,2017/10/24,10723,10758,10700,10758,3242
3651,TX,201711,2017/10/25,10769,10782,10698,10705,265404
3654,TX,201712,2017/10/25,10759,10772,10689,10693,4688
3659,TX,201711,2017/10/26,10704,10750,10690,10746,232210
3664,TX,201712,2017/10/26,10690,10740,10682,10735,4200
3669,TX,201711,2017/10/27,10746,10792,10684,10739,324602
3674,TX,201712,2017/10/27,10734,10780,10677,10728,8344
3678,TX,201711,2017/10/30,10763,10820,10724,10749,334200
3683,TX,201712,2017/10/30,10750,10808,10713,10737,8500
3687,TX,201711,2017/10/31,10749,10800,10730,10793,255354
3692,TX,201712,2017/10/31,10735,10784,10719,10780,5712
3697,TX,201711,2017/11/1,10793,10832,10775,10800,265472
3699,TX,201712,2017/11/1,10781,10818,10763,10788,6748
3703,TX,201711,2017/11/2,10800,10806,10758,10777,238942
3706,TX,201712,2017/11/2,10786,10794,10747,10764,4810
3710,TX,201711,2017/11/3,10777,10810,10747,10784,238310
3711,TX,201712,2017/11/3,10765,10796,10737,10770,5500
3715,TX,201711,2017/11/6,10793,10828,10745,10780,273752
3719,TX,201712,2017/11/6,10780,10815,10734,10768,7930
3723,TX,201711,2017/11/7,10780,10831,10774,10813,219396
3728,TX,201712,2017/11/7,10765,10817,10762,10798,7612
3732,TX,201711,2017/11/8,10813,10824,10796,10801,169664
3736,TX,201712,2017/11/8,10800,10809,10782,10787,4926
3741,TX,201711,2017/11/9,10801,10823,10678,10696,352188
3745,TX,201712,2017/11/9,10787,10808,10667,10684,19294
3750,TX,201711,2017/11/10,10696,10737,10662,10714,252454
3754,TX,201712,2017/11/10,10683,10729,10650,10707,20484
3759,TX,201711,2017/11/13,10710,10726,10663,10680,235110
3764,TX,201712,2017/11/13,10706,10718,10661,10676,41124
3768,TX,201711,2017/11/14,10680,10715,10638,10663,256516
3773,TX,201712,2017/11/14,10677,10713,10637,10647,78638
3779,TX,201711,2017/11/15,10663,10666,10602,10638,202282
3781,TX,201712,2017/11/15,10647,10648,10550,10572,172726
3786,TX,201712,2017/11/16,10572,10647,10561,10645,215354
3795,TX,201712,2017/11/17,10645,10728,10644,10718,275710
3801,TX,201712,2017/11/20,10714,10719,10654,10686,213756
3808,TX,201712,2017/11/21,10686,10830,10682,10830,292142
3816,TX,201712,2017/11/22,10830,10877,10807,10836,316882
3823,TX,201712,2017/11/23,10836,10857,10810,10846,189264
3829,TX,201712,2017/11/24,10846,10869,10829,10868,138654
3836,TX,201712,2017/11/27,10841,10848,10737,10755,285444
3844,TX,201712,2017/11/28,10754,10755,10695,10721,274636
3852,TX,201712,2017/11/29,10721,10763,10678,10680,263776
3860,TX,201712,2017/11/30,10681,10681,10558,10597,394978
3869,TX,201712,2017/12/1,10596,10664,10495,10580,467560
3873,TX,201801,2017/12/1,10585,10649,10485,10569,12312
3877,TX,201712,2017/12/4,10604,10653,10564,10616,309922
3881,TX,201801,2017/12/4,10590,10639,10552,10594,8048
3885,TX,201712,2017/12/5,10616,10636,10546,10579,354054
3887,TX,201801,2017/12/5,10603,10620,10534,10564,9176
3891,TX,201712,2017/12/6,10578,10594,10321,10354,480008
3894,TX,201801,2017/12/6,10565,10579,10308,10336,16432
3898,TX,201712,2017/12/7,10354,10427,10331,10372,372950
3901,TX,201801,2017/12/7,10336,10410,10317,10356,11086
3905,TX,201712,2017/12/8,10372,10416,10336,10408,321982
3907,TX,201801,2017/12/8,10356,10403,10323,10394,11536
3912,TX,201712,2017/12/11,10416,10497,10415,10478,254350
3915,TX,201801,2017/12/11,10399,10483,10399,10465,8186
3919,TX,201712,2017/12/12,10477,10498,10386,10424,285686
3923,TX,201801,2017/12/12,10466,10485,10378,10412,11116
3927,TX,201712,2017/12/13,10424,10494,10421,10494,257662
3931,TX,201801,2017/12/13,10412,10479,10409,10479,9824
3935,TX,201712,2017/12/14,10494,10582,10481,10534,294300
3937,TX,201801,2017/12/14,10478,10566,10466,10519,16398
3941,TX,201712,2017/12/15,10534,10537,10421,10476,354524
3946,TX,201801,2017/12/15,10520,10521,10407,10459,33146
3950,TX,201712,2017/12/18,10527,10531,10456,10523,239170
3954,TX,201801,2017/12/18,10503,10516,10441,10512,26086
3959,TX,201712,2017/12/19,10523,10531,10430,10438,278742
3964,TX,201801,2017/12/19,10512,10519,10420,10428,57758
3968,TX,201712,2017/12/20,10439,10509,10433,10497,178034
3970,TX,201801,2017/12/20,10426,10524,10421,10499,158708
3974,TX,201801,2017/12/21,10499,10539,10475,10500,260860
3977,TX,201802,2017/12/21,10482,10527,10461,10489,1740
3981,TX,201801,2017/12/22,10500,10535,10473,10525,181538
3985,TX,201802,2017/12/22,10486,10520,10461,10510,2098
3989,TX,201801,2017/12/25,10549,10564,10520,10530,148910
3992,TX,201802,2017/12/25,10529,10548,10507,10515,1704
3996,TX,201801,2017/12/26,10530,10541,10388,10394,319122
4000,TX,201802,2017/12/26,10516,10526,10375,10379,5404
4005,TX,201801,2017/12/27,10394,10495,10393,10492,250516
4007,TX,201802,2017/12/27,10382,10480,10380,10478,4008
4011,TX,201801,2017/12/28,10492,10593,10480,10580,301138
4016,TX,201802,2017/12/28,10474,10574,10465,10563,6720
4020,TX,201801,2017/12/29,10580,10650,10575,10630,263566
4024,TX,201802,2017/12/29,10563,10632,10559,10608,5394
4029,TX,201801,2018/1/2,10629,10727,10621,10719,239990
4033,TX,201802,2018/1/2,10608,10707,10607,10701,4760
4037,TX,201801,2018/1/3,10721,10823,10715,10820,264462
4041,TX,201802,2018/1/3,10700,10805,10698,10805,6134
4045,TX,201801,2018/1/4,10820,10865,10770,10856,265350
4049,TX,201802,2018/1/4,10805,10849,10754,10838,6260
4053,TX,201801,2018/1/5,10856,10871,10801,10869,239306
4056,TX,201802,2018/1/5,10838,10853,10786,10853,5118
4060,TX,201801,2018/1/8,10886,10900,10843,10877,228880
4064,TX,201802,2018/1/8,10866,10883,10828,10860,4470
4068,TX,201801,2018/1/9,10877,10909,10850,10891,214148
4072,TX,201802,2018/1/9,10860,10892,10837,10875,5258
4076,TX,201801,2018/1/10,10891,10904,10766,10780,303624
4081,TX,201802,2018/1/10,10878,10888,10755,10768,9574
4085,TX,201801,2018/1/11,10781,10834,10765,10811,290106
4090,TX,201802,2018/1/11,10769,10821,10755,10798,11556
4094,TX,201801,2018/1/12,10811,10906,10807,10903,254598
4099,TX,201802,2018/1/12,10799,10900,10797,10897,17608
4104,TX,201801,2018/1/15,10930,10958,10902,10946,226070
4109,TX,201802,2018/1/15,10922,10955,10896,10942,26276
4115,TX,201801,2018/1/16,10946,11014,10918,10996,206636
4118,TX,201802,2018/1/16,10942,11008,10915,10992,49306
4124,TX,201801,2018/1/17,10996,11024,10940,11020,174592
4127,TX,201802,2018/1/17,10991,11010,10940,11006,155464
4133,TX,201802,2018/1/18,11006,11137,11005,11078,398362
4137,TX,201803,2018/1/18,10990,11124,10990,11065,8864
4142,TX,201802,2018/1/19,11078,11185,11075,11156,260794
4146,TX,201803,2018/1/19,11065,11172,11064,11144,4978
4151,TX,201802,2018/1/22,11136,11229,11113,11213,303630
4153,TX,201803,2018/1/22,11131,11217,11103,11202,5880
4158,TX,201802,2018/1/23,11212,11253,11181,11208,347074
4161,TX,201803,2018/1/23,11201,11240,11170,11196,6060
4165,TX,201802,2018/1/24,11207,11212,11090,11145,374802
4168,TX,201803,2018/1/24,11195,11198,11079,11133,7398
4172,TX,201802,2018/1/25,11146,11271,11098,11163,467238
4175,TX,201803,2018/1/25,11136,11255,11086,11148,10426
4179,TX,201802,2018/1/26,11163,11186,11079,11153,366086
4182,TX,201803,2018/1/26,11149,11171,11068,11141,7052
4186,TX,201802,2018/1/29,11215,11238,11155,11168,300320
4189,TX,201803,2018/1/29,11199,11225,11145,11160,5724
4193,TX,201802,2018/1/30,11168,11190,11025,11043,403324
4196,TX,201803,2018/1/30,11157,11178,11016,11034,9390
4201,TX,201802,2018/1/31,11042,11144,11017,11112,420644
4202,TX,201803,2018/1/31,11029,11132,11008,11098,11278
4207,TX,201802,2018/2/1,11111,11199,11086,11133,331200
4209,TX,201803,2018/2/1,11097,11187,11078,11123,8108
4213,TX,201802,2018/2/2,11133,11149,11041,11053,410250
4215,TX,201803,2018/2/2,11124,11139,11035,11045,11404
4219,TX,201802,2018/2/5,10888,10952,10848,10930,435150
4224,TX,201803,2018/2/5,10898,10939,10839,10917,16352
4228,TX,201802,2018/2/6,10931,10937,10242,10508,1054226
4233,TX,201803,2018/2/6,10921,10925,10230,10496,49266
4239,TX,201802,2018/2/7,10509,10669,10495,10595,592944
4242,TX,201803,2018/2/7,10494,10649,10480,10576,32162
4247,TX,201802,2018/2/8,10595,10613,10400,10413,482938
4252,TX,201803,2018/2/8,10576,10592,10388,10403,25216
4257,TX,201802,2018/2/9,10412,10430,10121,10303,679408
4262,TX,201803,2018/2/9,10397,10418,10107,10261,49240
4266,TX,201802,2018/2/12,10420,10438,10377,10414,305704
4271,TX,201803,2018/2/12,10383,10410,10352,10383,49560
4276,TX,201802,2018/2/21,10630,10718,10591,10705,168648
4278,TX,201803,2018/2/21,10600,10911,10564,10729,200976
4286,TX,201803,2018/2/22,10730,10773,10593,10653,316796
4290,TX,201804,2018/2/22,10639,10645,10580,10642,1844
4294,TX,201803,2018/2/23,10654,10804,10636,10787,323328
4298,TX,201804,2018/2/23,10644,10787,10623,10773,3320
4303,TX,201803,2018/2/26,10867,10868,10801,10826,227256
4307,TX,201804,2018/2/26,10860,10860,10786,10809,2520
4311,TX,201803,2018/2/27,10825,10914,10753,10764,303652
4316,TX,201804,2018/2/27,10811,10899,10738,10749,3796
4320,TX,201803,2018/3/1,10604,10789,10600,10757,364160
4322,TX,201804,2018/3/1,10605,10770,10585,10742,4202
4326,TX,201803,2018/3/2,10757,10766,10575,10628,470374
4331,TX,201804,2018/3/2,10742,10748,10560,10610,6624
4336,TX,201803,2018/3/5,10695,10741,10598,10663,403210
4340,TX,201804,2018/3/5,10680,10720,10580,10643,6138
4344,TX,201803,2018/3/6,10663,10837,10662,10790,369662
4349,TX,201804,2018/3/6,10645,10817,10645,10768,7814
4354,TX,201803,2018/3/7,10790,10817,10700,10771,398230
4357,TX,201804,2018/3/7,10768,10795,10685,10752,7620
4362,TX,201803,2018/3/8,10771,10877,10724,10843,309386
4365,TX,201804,2018/3/8,10752,10856,10703,10824,6822
4370,TX,201803,2018/3/9,10843,10910,10827,10894,316556
4374,TX,201804,2018/3/9,10821,10890,10810,10877,6054
4378,TX,201803,2018/3/12,10965,11057,10948,11032,280810
4381,TX,201804,2018/3/12,10950,11039,10932,11017,7270
4386,TX,201803,2018/3/13,11033,11121,11013,11071,274220
4390,TX,201804,2018/3/13,11018,11103,10998,11056,7678
4394,TX,201803,2018/3/14,11071,11078,10988,10992,336198
4398,TX,201804,2018/3/14,11054,11058,10975,10975,11854
4402,TX,201803,2018/3/15,10991,11083,10970,11070,294240
4407,TX,201804,2018/3/15,10978,11065,10956,11051,11624
4411,TX,201803,2018/3/16,11070,11073,10923,10988,410204
4416,TX,201804,2018/3/16,11052,11055,10907,10970,27374
4420,TX,201803,2018/3/19,10975,11054,10952,10954,285280
4425,TX,201804,2018/3/19,10963,11026,10930,10931,32980
4430,TX,201803,2018/3/20,10954,11025,10919,11005,263112
4435,TX,201804,2018/3/20,10931,10996,10897,10979,52450
4440,TX,201803,2018/3/21,11005,11073,11002,11044,164086
4443,TX,201804,2018/3/21,10979,11045,10976,11011,147738
4448,TX,201804,2018/3/22,11010,11122,10874,10880,496758
4452,TX,201805,2018/3/22,11010,11096,10851,10859,4374
4456,TX,201804,2018/3/23,10880,10932,10718,10732,486920
4460,TX,201805,2018/3/23,10865,10906,10695,10710,4572
4464,TX,201804,2018/3/26,10693,10907,10682,10857,383258
4468,TX,201805,2018/3/26,10668,10877,10657,10826,4396
4473,TX,201804,2018/3/27,10856,10998,10837,10990,348906
4478,TX,201805,2018/3/27,10824,10968,10810,10962,6590
4482,TX,201804,2018/3/28,10989,10997,10773,10795,464814
4485,TX,201805,2018/3/28,10964,10967,10748,10777,6470
4489,TX,201804,2018/3/29,10799,10918,10760,10910,397324
4493,TX,201805,2018/3/29,10771,10890,10736,10884,5310
4497,TX,201804,2018/3/30,10910,10974,10896,10939,266754
4500,TX,201805,2018/3/30,10885,10946,10873,10915,4844
4504,TX,201804,2018/3/31,10939,10949,10912,10926,50188
4506,TX,201805,2018/3/31,10915,10926,10889,10899,832
4510,TX,201804,2018/4/2,10920,10958,10743,10754,351666
4512,TX,201805,2018/4/2,10892,10931,10718,10729,6110
4516,TX,201804,2018/4/3,10753,10843,10702,10806,375002
4520,TX,201805,2018/4/3,10726,10816,10680,10783,5552
4524,TX,201804,2018/4/9,10838,10948,10813,10943,359264
4526,TX,201805,2018/4/9,10802,10920,10788,10915,8166
4530,TX,201804,2018/4/10,10943,10993,10852,10967,409254
4532,TX,201805,2018/4/10,10917,10967,10827,10942,8844
4536,TX,201804,2018/4/11,10967,11007,10936,10974,307260
4539,TX,201805,2018/4/11,10939,10982,10913,10950,7364
4543,TX,201804,2018/4/12,10974,11024,10905,10952,345814
4547,TX,201805,2018/4/12,10955,11000,10884,10928,11658
4552,TX,201804,2018/4/13,10953,10988,10920,10950,278354
4557,TX,201805,2018/4/13,10930,10968,10904,10933,13884
4561,TX,201804,2018/4/16,10975,10976,10908,10945,257264
4564,TX,201805,2018/4/16,10955,10960,10895,10932,26726
4569,TX,201804,2018/4/17,10945,10969,10773,10826,330432
4573,TX,201805,2018/4/17,10933,10954,10757,10811,81482
4578,TX,201804,2018/4/18,10827,10909,10789,10845,217008
4580,TX,201805,2018/4/18,10811,10890,10787,10834,214250
4586,TX,201805,2018/4/19,10835,10975,10833,10869,396406
4590,TX,201806,2018/4/19,10823,10950,10816,10848,6248
4594,TX,201805,2018/4/20,10869,10886,10776,10788,364994
4597,TX,201806,2018/4/20,10845,10862,10758,10768,5474
4601,TX,201805,2018/4/24,10675,10694,10547,10572,461308
4603,TX,201806,2018/4/24,10656,10677,10531,10556,7028
4607,TX,201805,2018/4/25,10572,10582,10411,10509,492218
4611,TX,201806,2018/4/25,10555,10560,10400,10490,8154
4615,TX,201805,2018/4/26,10508,10621,10451,10524,427156
4617,TX,201806,2018/4/26,10490,10600,10432,10504,7420
4621,TX,201805,2018/4/27,10524,10601,10483,10553,354776
4623,TX,201806,2018/4/27,10503,10583,10465,10536,6844
4627,TX,201805,2018/4/30,10593,10655,10537,10626,289806
4631,TX,201806,2018/4/30,10573,10636,10520,10607,4506
4635,TX,201805,2018/5/2,10631,10670,10571,10578,283766
4638,TX,201806,2018/5/2,10602,10651,10553,10561,4538
4642,TX,201805,2018/5/3,10577,10620,10407,10421,392838
4645,TX,201806,2018/5/3,10560,10602,10390,10404,7980
4649,TX,201805,2018/5/4,10421,10566,10419,10562,400216
4651,TX,201806,2018/5/4,10406,10547,10403,10541,7274
4655,TX,201805,2018/5/7,10599,10615,10529,10587,307670
4657,TX,201806,2018/5/7,10580,10596,10512,10565,6656
4661,TX,201805,2018/5/8,10587,10678,10568,10669,293468
4665,TX,201806,2018/5/8,10570,10657,10551,10653,6598
4669,TX,201805,2018/5/9,10669,10731,10658,10708,324824
4674,TX,201806,2018/5/9,10650,10708,10639,10684,9262
4678,TX,201805,2018/5/10,10707,10820,10707,10818,288436
4682,TX,201806,2018/5/10,10689,10797,10688,10795,10818
4686,TX,201805,2018/5/11,10817,10923,10803,10892,315118
4689,TX,201806,2018/5/11,10795,10900,10784,10867,14964
4694,TX,201805,2018/5/14,10926,10975,10891,10968,247556
4699,TX,201806,2018/5/14,10896,10955,10871,10950,24788
4704,TX,201805,2018/5/15,10968,10973,10818,10835,293504
4708,TX,201806,2018/5/15,10950,10953,10804,10818,69908
4713,TX,201805,2018/5/16,10836,10907,10826,10872,185990
4715,TX,201806,2018/5/16,10819,10900,10810,10896,153044
4719,TX,201806,2018/5/17,10896,10928,10798,10826,306322
4723,TX,201807,2018/5/17,10670,10680,10563,10590,2488
4727,TX,201806,2018/5/18,10825,10873,10789,10811,276752
4731,TX,201807,2018/5/18,10587,10636,10558,10573,2798
4735,TX,201806,2018/5/21,10865,10987,10863,10958,234834
4738,TX,201807,2018/5/21,10618,10742,10618,10713,3710
4742,TX,201806,2018/5/22,10959,10999,10911,10919,269364
4745,TX,201807,2018/5/22,10714,10755,10672,10680,2982
4750,TX,201806,2018/5/23,10919,10998,10815,10834,334436
4753,TX,201807,2018/5/23,10680,10755,10576,10597,4186
4757,TX,201806,2018/5/24,10834,10946,10833,10894,308246
4761,TX,201807,2018/5/24,10595,10703,10593,10653,3712
4765,TX,201806,2018/5/25,10894,10956,10890,10936,266056
4769,TX,201807,2018/5/25,10654,10704,10641,10690,3700
4773,TX,201806,2018/5/28,10979,10989,10937,10983,186292
4776,TX,201807,2018/5/28,10730,10736,10688,10729,2970
4780,TX,201806,2018/5/30,10874,10875,10761,10834,373496
4782,TX,201807,2018/5/30,10621,10621,10511,10580,5006
4786,TX,201806,2018/5/31,10833,10870,10821,10849,312162
4788,TX,201807,2018/5/31,10583,10614,10567,10594,4622
4792,TX,201806,2018/6/1,10848,10953,10831,10952,270686
4796,TX,201807,2018/6/1,10590,10693,10578,10693,4374
4800,TX,201806,2018/6/4,10976,11135,10976,11122,256664
4802,TX,201807,2018/6/4,10713,10869,10713,10857,6368
4806,TX,201806,2018/6/5,11122,11130,11035,11049,279324
4808,TX,201807,2018/6/5,10857,10865,10774,10787,4974
4812,TX,201806,2018/6/6,11049,11233,11043,11226,319006
4814,TX,201807,2018/6/6,10787,10974,10783,10968,5724
4818,TX,201806,2018/6/7,11226,11253,11174,11200,303632
4820,TX,201807,2018/6/7,10968,10994,10912,10936,5478
4824,TX,201806,2018/6/8,11201,11215,11071,11097,315794
4826,TX,201807,2018/6/8,10937,10950,10810,10835,5128
4830,TX,201806,2018/6/11,11151,11173,11098,11145,236492
4833,TX,201807,2018/6/11,10883,10910,10836,10883,4164
4837,TX,201806,2018/6/12,11145,11156,11054,11129,366036
4839,TX,201807,2018/6/12,10884,10894,10800,10876,8636
4843,TX,201806,2018/6/13,11129,11169,11095,11142,265750
4847,TX,201807,2018/6/13,10876,10912,10843,10890,6530
4851,TX,201806,2018/6/14,11142,11142,10957,11013,358442
4854,TX,201807,2018/6/14,10886,10889,10717,10770,14782
4859,TX,201806,2018/6/15,11014,11075,10961,11002,320282
4862,TX,201807,2018/6/15,10772,10827,10726,10762,21806
4867,TX,201806,2018/6/19,10943,10958,10815,10855,324118
4871,TX,201807,2018/6/19,10720,10735,10568,10600,72578
4875,TX,201806,2018/6/20,10855,10951,10841,10936,225784
4877,TX,201807,2018/6/20,10599,10759,10585,10737,216814
4883,TX,201807,2018/6/21,10737,10747,10625,10640,338668
4886,TX,201808,2018/6/21,10587,10611,10497,10520,2676
4890,TX,201807,2018/6/22,10640,10685,10581,10665,330056
4894,TX,201808,2018/6/22,10511,10555,10455,10534,2722
4898,TX,201807,2018/6/25,10624,10660,10502,10502,305644
4900,TX,201808,2018/6/25,10493,10527,10375,10375,3762
4904,TX,201807,2018/6/26,10504,10596,10484,10572,403822
4906,TX,201808,2018/6/26,10374,10463,10355,10440,4362
4910,TX,201807,2018/6/27,10574,10625,10514,10567,365558
4913,TX,201808,2018/6/27,10445,10490,10385,10432,4134
4917,TX,201807,2018/6/28,10566,10578,10484,10521,393206
4922,TX,201808,2018/6/28,10435,10442,10350,10392,3872
4926,TX,201807,2018/6/29,10522,10692,10508,10677,327056
4928,TX,201808,2018/6/29,10396,10556,10383,10545,3818
4932,TX,201807,2018/7/2,10680,10719,10575,10627,334910
4934,TX,201808,2018/7/2,10539,10586,10447,10495,5368
4938,TX,201807,2018/7/3,10627,10717,10544,10622,455834
4942,TX,201808,2018/7/3,10489,10581,10416,10490,6648
4948,TX,201807,2018/7/4,10624,10639,10582,10618,275326
4950,TX,201808,2018/7/4,10490,10506,10451,10487,3874
4955,TX,201807,2018/7/5,10625,10638,10488,10500,387606
4957,TX,201808,2018/7/5,10493,10508,10365,10374,6422
4962,TX,201807,2018/7/6,10517,10566,10414,10554,515516
4964,TX,201808,2018/7/6,10396,10438,10290,10429,7390
4969,TX,201807,2018/7/9,10583,10685,10582,10685,317502
4971,TX,201808,2018/7/9,10453,10553,10453,10553,5484
4977,TX,201807,2018/7/10,10683,10744,10680,10709,254716
4979,TX,201808,2018/7/10,10552,10610,10550,10580,4846
4984,TX,201807,2018/7/11,10608,10656,10574,10614,392462
4988,TX,201808,2018/7/11,10490,10526,10449,10490,10024
4993,TX,201807,2018/7/12,10614,10777,10609,10775,337510
4997,TX,201808,2018/7/12,10487,10646,10481,10645,12308
5002,TX,201807,2018/7/13,10775,10850,10768,10837,296698
5006,TX,201808,2018/7/13,10643,10723,10637,10711,14876
5011,TX,201807,2018/7/16,10854,10874,10795,10804,251188
5014,TX,201808,2018/7/16,10728,10753,10685,10691,31872
5019,TX,201807,2018/7/17,10804,10821,10756,10806,276206
5022,TX,201808,2018/7/17,10691,10705,10645,10698,52322
5027,TX,201807,2018/7/18,10806,10872,10791,10844,186846
5029,TX,201808,2018/7/18,10699,10764,10688,10740,190838
5034,TX,201808,2018/7/19,10740,10792,10693,10768,366264
5037,TX,201809,2018/7/19,10697,10748,10654,10727,4838
5042,TX,201808,2018/7/20,10769,10847,10753,10824,397500
5044,TX,201809,2018/7/20,10726,10802,10712,10785,5082
5049,TX,201808,2018/7/23,10846,10864,10794,10834,310718
5051,TX,201809,2018/7/23,10800,10823,10755,10792,2854
5056,TX,201808,2018/7/24,10833,10913,10802,10898,279458
5058,TX,201809,2018/7/24,10790,10872,10763,10855,3500
5063,TX,201808,2018/7/25,10899,10903,10851,10884,236984
5064,TX,201809,2018/7/25,10857,10858,10811,10842,3060
5069,TX,201808,2018/7/26,10884,10937,10873,10935,276550
5071,TX,201809,2018/7/26,10843,10895,10834,10891,3954
5076,TX,201808,2018/7/27,10935,11038,10918,11028,265836
5078,TX,201809,2018/7/27,10892,10994,10877,10987,4234
5083,TX,201808,2018/7/30,10970,11007,10932,10939,264604
5085,TX,201809,2018/7/30,10931,10963,10892,10900,3514
5090,TX,201808,2018/7/31,10939,11020,10913,11018,282068
5093,TX,201809,2018/7/31,10896,10977,10872,10974,4476
5098,TX,201808,2018/8/1,11019,11059,11010,11032,228158
5103,TX,201809,2018/8/1,10975,11013,10966,10987,3714
5108,TX,201808,2018/8/2,11031,11048,10862,10917,401336
5111,TX,201809,2018/8/2,10983,11002,10819,10874,7908
5116,TX,201808,2018/8/3,10918,11025,10914,11004,286332
5117,TX,201809,2018/8/3,10871,10980,10871,10960,6102
5122,TX,201808,2018/8/6,10990,11036,10956,10989,306196
5125,TX,201809,2018/8/6,10950,10992,10914,10948,5868
5130,TX,201808,2018/8/7,10990,11003,10951,10987,236340
5134,TX,201809,2018/8/7,10948,10960,10911,10947,5234
5139,TX,201808,2018/8/8,10987,11070,10984,11055,268068
5142,TX,201809,2018/8/8,10948,11028,10946,11012,8996
5147,TX,201808,2018/8/9,11055,11066,10969,11016,260432
5150,TX,201809,2018/8/9,11013,11024,10933,10979,9668
5155,TX,201808,2018/8/10,11016,11025,10920,10934,290852
5158,TX,201809,2018/8/10,10979,10988,10887,10900,22842
5163,TX,201808,2018/8/13,10909,10912,10692,10738,462724
5165,TX,201809,2018/8/13,10880,10880,10666,10713,58072
5170,TX,201808,2018/8/14,10738,10839,10727,10820,293386
5174,TX,201809,2018/8/14,10712,10809,10701,10787,72362
5179,TX,201808,2018/8/15,10821,10841,10696,10737,227256
5182,TX,201809,2018/8/15,10790,10810,10586,10596,255248
5187,TX,201809,2018/8/16,10597,10728,10591,10728,384826
5192,TX,201810,2018/8/16,10585,10713,10578,10713,4574
5197,TX,201809,2018/8/17,10728,10747,10613,10664,320118
5199,TX,201810,2018/8/17,10717,10733,10602,10653,4442
5205,TX,201809,2018/8/20,10687,10725,10652,10691,282852
5208,TX,201810,2018/8/20,10676,10701,10641,10683,3202
5213,TX,201809,2018/8/21,10691,10790,10682,10789,293354
5218,TX,201810,2018/8/21,10678,10775,10672,10775,3474
5223,TX,201809,2018/8/22,10789,10806,10733,10792,295698
5227,TX,201810,2018/8/22,10778,10792,10722,10776,3362
5232,TX,201809,2018/8/23,10793,10851,10758,10811,348914
5236,TX,201810,2018/8/23,10776,10833,10745,10800,4740
5241,TX,201809,2018/8/24,10812,10830,10728,10809,341366
5244,TX,201810,2018/8/24,10797,10811,10715,10793,5088
5249,TX,201809,2018/8/27,10831,10932,10820,10928,288464
5252,TX,201810,2018/8/27,10809,10909,10802,10906,4620
5257,TX,201809,2018/8/28,10929,10989,10927,10959,265758
5260,TX,201810,2018/8/28,10907,10970,10907,10939,4188
5265,TX,201809,2018/8/29,10959,11086,10950,11083,320912
5270,TX,201810,2018/8/29,10938,11063,10933,11058,6362
5276,TX,201809,2018/8/30,11083,11135,10993,11002,382502
5280,TX,201810,2018/8/30,11061,11113,10976,10986,5912
5285,TX,201809,2018/8/31,11003,11027,10953,10994,351122
5288,TX,201810,2018/8/31,10986,11012,10936,10979,6174
5294,TX,201809,2018/9/3,11013,11045,10919,10956,311108
5297,TX,201810,2018/9/3,11001,11030,10906,10944,5302
5303,TX,201809,2018/9/4,10956,11015,10935,10953,331480
5305,TX,201810,2018/9/4,10940,10999,10922,10940,5614
5310,TX,201809,2018/9/5,10953,11021,10860,10903,402344
5312,TX,201810,2018/9/5,10939,11005,10845,10889,6958
5317,TX,201809,2018/9/6,10902,10950,10865,10888,413986
5321,TX,201810,2018/9/6,10894,10935,10853,10873,7702
5326,TX,201809,2018/9/7,10887,10899,10803,10849,428368
5329,TX,201810,2018/9/7,10869,10883,10792,10838,10678
5334,TX,201809,2018/9/10,10865,10880,10708,10727,444630
5337,TX,201810,2018/9/10,10844,10865,10701,10720,13134
5342,TX,201809,2018/9/11,10728,10767,10682,10747,410008
5347,TX,201810,2018/9/11,10721,10756,10676,10739,11710
5353,TX,201809,2018/9/12,10748,10774,10687,10719,405202
5355,TX,201810,2018/9/12,10740,10765,10686,10715,15022
5363,TX,201809,2018/9/13,10719,10779,10709,10760,352168
5366,TX,201810,2018/9/13,10719,10770,10705,10752,17316
5371,TX,201809,2018/9/14,10761,10904,10754,10897,369660
5376,TX,201810,2018/9/14,10753,10895,10749,10890,30924
5381,TX,201809,2018/9/17,10857,10868,10810,10826,247422
5383,TX,201810,2018/9/17,10860,10863,10807,10821,31112
5388,TX,201809,2018/9/18,10827,10833,10761,10831,311718
5392,TX,201810,2018/9/18,10822,10830,10759,10827,74896
5398,TX,201809,2018/9/19,10832,10875,10819,10873,147286
5401,TX,201810,2018/9/19,10828,10893,10819,10890,159470
5406,TX,201810,2018/9/20,10890,10922,10824,10885,346716
5408,TX,201811,2018/9/20,10878,10909,10817,10875,4304
5413,TX,201909,2018/9/20,10439,10448,10337,10392,222
5414,TX,201810,2018/9/21,10885,10988,10854,10968,376370
5417,TX,201811,2018/9/21,10875,10975,10845,10950,5554
5422,TX,201909,2018/9/21,10392,10462,10377,10448,154
5423,TX,201810,2018/9/25,10960,10998,10935,10977,225788
5424,TX,201811,2018/9/25,10940,10985,10925,10966,2976
5428,TX,201909,2018/9/25,10440,10483,10430,10465,94
5429,TX,201810,2018/9/26,10977,10991,10949,10973,254924
5432,TX,201811,2018/9/26,10967,10979,10939,10960,2466
5437,TX,201909,2018/9/26,10452,10472,10440,10467,122
5438,TX,201810,2018/9/27,10973,11016,10920,11015,341022
5441,TX,201811,2018/9/27,10963,11002,10912,11002,5930
5445,TX,201909,2018/9/27,10474,10490,10426,10488,60
5446,TX,201810,2018/9/28,11016,11039,10921,10942,386530
5450,TX,201811,2018/9/28,11002,11026,10911,10931,6198
5454,TX,201909,2018/9/28,10496,10521,10421,10431,134
5455,TX,201810,2018/10/1,10968,11022,10966,11021,197668
5457,TX,201811,2018/10/1,10955,11008,10955,11008,4044
5462,TX,201810,2018/10/2,11020,11021,10841,10892,374794
5467,TX,201811,2018/10/2,11006,11008,10831,10882,8064
5472,TX,201810,2018/10/3,10893,10914,10845,10861,313158
5474,TX,201811,2018/10/3,10883,10902,10836,10848,5890
5479,TX,201810,2018/10/4,10861,10869,10614,10615,410308
5484,TX,201811,2018/10/4,10850,10858,10610,10611,11612
5489,TX,201810,2018/10/5,10615,10673,10417,10418,651888
5492,TX,201811,2018/10/5,10610,10665,10414,10416,17740
5497,TX,201810,2018/10/8,10470,10530,10386,10432,430582
5499,TX,201811,2018/10/8,10450,10525,10382,10428,10704
5504,TX,201810,2018/10/9,10433,10508,10421,10467,407386
5507,TX,201811,2018/10/9,10424,10504,10420,10464,9998
5512,TX,201810,2018/10/11,10026,10080,9630,9726,861632
5518,TX,201811,2018/10/11,10020,10074,9616,9706,41614
5523,TX,201810,2018/10/12,9726,10021,9642,9930,617718
5529,TX,201811,2018/10/12,9713,9994,9625,9915,38992
5535,TX,201810,2018/10/15,9899,9927,9844,9866,366428
5539,TX,201811,2018/10/15,9883,9903,9827,9850,43928
5545,TX,201810,2018/10/16,9865,10039,9845,10031,421150
5549,TX,201811,2018/10/16,9849,9995,9830,9986,93164
5555,TX,201810,2018/10/17,10031,10114,9987,9993,229728
5559,TX,201811,2018/10/17,9987,10065,9869,9923,283588
5564,TX,201811,2018/10/18,9924,9986,9787,9798,415102
5567,TX,201812,2018/10/18,9909,9968,9775,9787,3746
5572,TX,201811,2018/10/19,9797,9962,9743,9898,497298
5574,TX,201812,2018/10/19,9780,9947,9735,9871,4718
5579,TX,201811,2018/10/22,9813,9972,9761,9881,435104
5583,TX,201812,2018/10/22,9806,9956,9749,9866,4498
5588,TX,201811,2018/10/23,9882,9906,9590,9605,524416
5593,TX,201812,2018/10/23,9866,9890,9580,9592,6012
5598,TX,201811,2018/10/24,9605,9791,9605,9682,626424
5600,TX,201812,2018/10/24,9600,9777,9600,9673,6938
5605,TX,201811,2018/10/25,9683,9688,9414,9572,589088
5609,TX,201812,2018/10/25,9668,9668,9398,9570,6012
5614,TX,201811,2018/10/26,9573,9637,9339,9417,656066
5616,TX,201812,2018/10/26,9560,9623,9329,9403,6974
5621,TX,201811,2018/10/29,9527,9575,9428,9509,397664
5624,TX,201812,2018/10/29,9518,9560,9416,9499,4478
5629,TX,201811,2018/10/30,9509,9564,9326,9527,504856
5632,TX,201812,2018/10/30,9494,9549,9318,9520,4102
5637,TX,201811,2018/10/31,9528,9764,9511,9738,423346
5639,TX,201812,2018/10/31,9518,9749,9510,9722,5496
5644,TX,201811,2018/11/1,9737,9830,9705,9820,372124
5649,TX,201812,2018/11/1,9722,9817,9693,9815,4874
5655,TX,201811,2018/11/2,9820,9931,9791,9842,420194
5658,TX,201812,2018/11/2,9807,9917,9780,9825,6262
5663,TX,201811,2018/11/5,9803,9840,9741,9824,337468
5666,TX,201812,2018/11/5,9799,9825,9729,9808,4610
5671,TX,201811,2018/11/6,9824,9867,9746,9789,306246
5674,TX,201812,2018/11/6,9808,9850,9733,9773,3960
5679,TX,201811,2018/11/7,9789,9918,9768,9909,383636
5684,TX,201812,2018/11/7,9769,9898,9755,9893,6976
5690,TX,201811,2018/11/8,9910,10000,9881,9903,293040
5693,TX,201812,2018/11/8,9891,9982,9864,9882,5374
5698,TX,201811,2018/11/9,9904,9912,9701,9726,352926
5700,TX,201812,2018/11/9,9884,9892,9684,9708,6506
5705,TX,201811,2018/11/12,9750,9864,9705,9705,302080
5708,TX,201812,2018/11/12,9730,9846,9690,9690,6390
5713,TX,201811,2018/11/13,9705,9776,9528,9757,452910
5717,TX,201812,2018/11/13,9688,9756,9513,9736,11082
5722,TX,201811,2018/11/14,9756,9839,9726,9795,346290
5727,TX,201812,2018/11/14,9738,9814,9707,9768,9942
5732,TX,201811,2018/11/15,9794,9881,9708,9840,431418
5735,TX,201812,2018/11/15,9766,9857,9688,9816,15682
5741,TX,201811,2018/11/16,9839,9928,9735,9782,384842
5745,TX,201812,2018/11/16,9815,9902,9720,9767,16324
5751,TX,201811,2018/11/19,9802,9851,9778,9801,225280
5757,TX,201812,2018/11/19,9768,9833,9761,9784,22740
5763,TX,201811,2018/11/20,9802,9808,9650,9703,344282
5767,TX,201812,2018/11/20,9785,9790,9630,9681,76480
5772,TX,201811,2018/11/21,9704,9760,9624,9743,179208
5775,TX,201812,2018/11/21,9680,9777,9604,9770,206590
5782,TX,201812,2018/11/22,9770,9788,9682,9692,229268
5789,TX,201812,2018/11/23,9692,9733,9613,9651,270642
5797,TX,201812,2018/11/26,9668,9850,9656,9793,332940
5804,TX,201812,2018/11/27,9792,9807,9644,9739,340286
5812,TX,201812,2018/11/28,9738,9901,9731,9875,347300
5820,TX,201812,2018/11/29,9876,9996,9861,9888,340310
5826,TX,201812,2018/11/30,9887,9942,9815,9849,299232
5833,TX,201812,2018/12/3,10012,10156,9996,10093,312542
5836,TX,201901,2018/12/3,9978,10139,9978,10077,5842
5841,TX,201812,2018/12/4,10093,10122,10033,10048,262630
5843,TX,201901,2018/12/4,10077,10102,10020,10033,3518
5848,TX,201812,2018/12/5,10047,10054,9863,9893,334478
5852,TX,201901,2018/12/5,10033,10034,9850,9876,5994
5857,TX,201812,2018/12/6,9894,9900,9616,9627,417350
5862,TX,201901,2018/12/6,9879,9885,9602,9610,6756
5867,TX,201812,2018/12/7,9627,9800,9574,9750,352952
5872,TX,201901,2018/12/7,9613,9781,9560,9732,5766
5877,TX,201812,2018/12/10,9565,9688,9560,9618,306280
5882,TX,201901,2018/12/10,9563,9667,9544,9596,5548
5887,TX,201812,2018/12/11,9618,9762,9583,9729,351198
5890,TX,201901,2018/12/11,9595,9740,9566,9707,7022
5895,TX,201812,2018/12/12,9729,9858,9660,9855,365406
5899,TX,201901,2018/12/12,9705,9835,9640,9835,9136
5904,TX,201812,2018/12/13,9854,9886,9790,9842,297046
5909,TX,201901,2018/12/13,9837,9867,9772,9827,10704
5915,TX,201812,2018/12/14,9843,9868,9676,9753,346880
5920,TX,201901,2018/12/14,9825,9849,9660,9733,19358
5925,TX,201812,2018/12/17,9753,9826,9722,9772,265374
5930,TX,201901,2018/12/17,9719,9802,9705,9753,27272
5935,TX,201812,2018/12/18,9773,9792,9686,9752,300966
5940,TX,201901,2018/12/18,9754,9772,9670,9720,66720
5945,TX,201812,2018/12/19,9751,9778,9723,9768,120706
5950,TX,201901,2018/12/19,9720,9784,9697,9777,145532
5955,TX,201901,2018/12/20,9776,9790,9592,9665,418042
5960,TX,201902,2018/12/20,9759,9770,9576,9647,3850
5964,TX,201912,2018/12/20,9254,9254,9073,9122,164
5965,TX,201901,2018/12/21,9664,9700,9556,9668,372960
5968,TX,201902,2018/12/21,9647,9680,9543,9650,3420
5973,TX,201912,2018/12/21,9080,9133,9034,9133,86
5974,TX,201901,2018/12/22,9669,9677,9575,9585,102704
5976,TX,201902,2018/12/22,9648,9657,9560,9571,1152
5980,TX,201912,2018/12/22,9100,9100,9046,9046,32
5981,TX,201901,2018/12/24,9603,9627,9570,9592,228496
5982,TX,201902,2018/12/24,9572,9607,9553,9572,1470
5986,TX,201912,2018/12/24,9074,9080,9031,9043,28
5987,TX,201901,2018/12/25,9592,9596,9410,9492,245372
5989,TX,201902,2018/12/25,9576,9578,9395,9472,2892
5993,TX,201912,2018/12/25,9031,9031,8875,8936,80
5994,TX,201901,2018/12/26,9492,9555,9438,9476,293054
5998,TX,201902,2018/12/26,9479,9535,9421,9459,2830
6002,TX,201912,2018/12/26,8950,8992,8900,8936,48
6003,TX,201901,2018/12/27,9477,9655,9472,9569,360952
6007,TX,201902,2018/12/27,9458,9634,9458,9556,4292
6011,TX,201912,2018/12/27,9014,9103,9014,9016,80
6012,TX,201901,2018/12/28,9569,9696,9540,9675,271326
6014,TX,201902,2018/12/28,9551,9675,9525,9660,2896
6018,TX,201912,2018/12/28,9010,9133,9001,9133,72
